Workbook

Sheet 본공사입.출고현황
C1: ■ 본공사 자재 입.출고 현황 (Status of main construction materials) | I1: Current status of Doosan | O1: ※ Update every Sunday!!
C2: 【Project : El-Dabaa Nuclear Power Plant (ENPP) #1 to 4】 | T2: =TODAY() -> 46174
B3: Code | C3: No | D3: Sortation | E3: Material No. | F3: Items / Services | G3: Size | H3: Unit | I3: DOOSAN | O3: DAESUN | T3: Remarks | V3: Description | W3: Size | X3: Unit | AC3: installed | AG3: 실재고와 차이 | AI3: Checking of Balance
I4: Purchase | J4: Incoming | K4: Not come | L4: Other company | M4: Handover | N4: Balance | O4: Incoming | P4: Install | Q4: Fabrication | R4: Scrap/ Faulty | S4: Balance | AI4: 45759 | AJ4: 45764 | AK4: 45772 | AL4: 45777 | AM4: 45787 | AN4: 45792 | AO4: 45801 | AP4: 45806 | AQ4: 45820 | AR4: 45829 | AS4: 45837 | AT4: 45843 | AU4: 45851 | AV4: 45857 | AW4: 45865 | AX4: 45871 | AY4: 45876 | AZ4: 45885 | BA4: 45890 | BB4: 45896 | BC4: 45904 | BD4: 45912 | BE4: 45918 | BF4: 45927 | BG4: 45929 | BH4: 45932 | BI4: 45941 | BJ4: 45946 | BK4: 45955 | BL4: 45960 | BM4: 45969 | BN4: 45974 | BO4: 45983 | BP4: 45988 | BQ4: 45997 | BR4: 46002 | BS4: 46011 | BT4: 46023 | BU4: 46029 | BV4: 46036 | BW4: 46078 | BX4: 46085
A5: 1 | C5: A | E5: Grounding | AG5: =BI5-S5 -> 0
A6: 9 | B6: GR001 | C6: 1 | D6: Ground | E6: Ground Cable 78SQ | F6: Ground Cable | G6: 78SQ | H6: M | I6: 17500 | J6: =SUMIFS('POR Control Log-income'!L:L,'POR Control Log-income'!F:F,본공사입.출고현황!B6) -> 17200 | K6: =I6-J6 -> 300 | L6: 300 | M6: =SUMIFS('POR Control Log-income'!L:L,'POR Control Log-income'!F:F,본공사입.출고현황!B6) -> 17200 | N6: =J6-M6 -> 0 | O6: =M6 -> 17200 | P6: =SUMIFS('POR Control Log-out'!L:L,'POR Control Log-out'!D:D,본공사입.출고현황!B6) -> 14194.1 | R6: 872.4 | S6: =O6-Q6-R6-P6 -> 2133.5 | V6: Ground Cable | W6: 78SQ | X6: M | Y6: O | AC6: 13643.384 | AG6: =BM6-S6 -> -1281 | AI6: 1318 | AJ6: 1258 | AK6: 1258 | AL6: 1258 | AM6: 1223 | AN6: 1223 | AO6: 1223 | AP6: 1223 | AQ6: 1223 | AR6: 1223 | AS6: 1223 | AT6: 1110.5 | AU6: 1110.5 | AV6: 1110.5 | AW6: 1110.5 | AX6: 1065.5 | AY6: 977.5 | AZ6: 852.5 | BA6: 852.5 | BB6: 852.5 | BC6: 852.5 | BD6: 852.5 | BE6: 852.5 | BF6: 852.5 | BG6: 852.5 | BH6: 852.5 | BI6: 852.5 | BJ6: 852.5 | BK6: 852.5 | BL6: 852.5 | BM6: 852.5 | BN6: 852.5 | BO6: 852.5 | BP6: 852.5 | BQ6: 852.5 | BR6: 838.5 | BS6: 807 | BT6: 807 | BU6: 807 | BV6: 807 | BW6: 2252 | BX6: =BW6-BY6 -> 2246 | BY6: 6
A7: 3 | B7: GR002 | C7: 2 | D7: Ground | E7: Ground Cable 70SQ | F7: Ground Cable | G7: 70SQ | H7: M | I7: 3120 | J7: =SUMIFS('POR Control Log-income'!L:L,'POR Control Log-income'!F:F,본공사입.출고현황!B7) -> 3120 | K7: =I7-J7 -> 0 | M7: =SUMIFS('POR Control Log-income'!L:L,'POR Control Log-income'!F:F,본공사입.출고현황!B7) -> 3120 | N7: =J7-M7 -> 0 | O7: =M7 -> 3120 | P7: =SUMIFS('POR Control Log-out'!L:L,'POR Control Log-out'!D:D,본공사입.출고현황!B7) -> 258 | R7: 0 | S7: =O7-Q7-R7-P7 -> 2862 | V7: Ground Cable | W7: 70SQ | X7: M | Y7: O | AC7: 22.1 | AG7: =BM7-S7 -> 80 | AI7: 3120 | AK7: 3120 | AL7: 3120 | AM7: 3120 | AN7: 3120 | AO7: 3120 | AP7: 3068 | AQ7: 2942 | AR7: 2942 | AS7: 2942 | AT7: 2942 | AU7: 2942 | AV7: 2942 | AW7: 2942 | AX7: 2942 | AY7: 2942 | AZ7: 2942 | BA7: 2942 | BB7: 2942 | BC7: 2942 | BD7: 2942 | BE7: 2942 | BF7: 2942 | BG7: 2942 | BH7: 2942 | BI7: 2942 | BJ7: 2942 | BK7: 2942 | BL7: 2942 | BM7: 2942 | BN7: 2942 | BO7: 2942 | BP7: 2906 | BQ7: 2906 | BR7: 2906 | BS7: 2906 | BT7: 2906 | BU7: 2906 | BV7: 2906 | BW7: 2862 | BX7: =BW7-BY7 -> 2862
A8: 4 | B8: GR003 | C8: 3 | D8: Ground Fitting | E8: Ground TERMINAL LUG 70mm2 | F8: Terminal Lug | G8: 70mm2 | H8: EA | I8: 200 | J8: =SUMIFS('POR Control Log-income'!L:L,'POR Control Log-income'!F:F,본공사입.출고현황!B8) -> 200 | K8: =I8-J8 -> 0 | M8: =SUMIFS('POR Control Log-income'!L:L,'POR Control Log-income'!F:F,본공사입.출고현황!B8) -> 200 | N8: =J8-M8 -> 0 | O8: =M8 -> 200 | S8: =O8-Q8-R8-P8 -> 200 | V8: Ground TERMINAL LUG | W8: 70mm2 | X8: EA | Y8: O | AG8: =BM8-S8 -> -9 | AI8: 191 | AK8: 191 | AL8: 191 | AM8: 191 | AN8: 191 | AO8: 191 | AP8: 191 | AQ8: 191 | AR8: 191 | AS8: 191 | AT8: 191 | AU8: 191 | AV8: 191 | AW8: 191 | AX8: 191 | AY8: 191 | AZ8: 191 | BA8: 191 | BB8: 191 | BC8: 191 | BD8: 191 | BE8: 191 | BF8: 191 | BG8: 191 | BH8: 191 | BI8: 191 | BJ8: 191 | BK8: 191 | BL8: 191 | BM8: 191 | BN8: 191 | BO8: 191 | BP8: 191 | BQ8: 191 | BR8: 191 | BS8: 191 | BT8: 191 | BU8: 191 | BV8: 191 | BW8: 200 | BX8: =BW8-BY8 -> 200
A9: 5 | B9: GR004 | C9: 4 | D9: Ground | E9: Cadweld Powder #90 | F9: Cadweld Powder | G9: #90 | H9: EA | I9: 100 | J9: =SUMIFS('POR Control Log-income'!L:L,'POR Control Log-income'!F:F,본공사입.출고현황!B9) -> 100 | K9: =I9-J9 -> 0 | M9: =SUMIFS('POR Control Log-income'!L:L,'POR Control Log-income'!F:F,본공사입.출고현황!B9) -> 100 | N9: =J9-M9 -> 0 | O9: =M9 -> 100 | P9: =SUMIFS('POR Control Log-out'!L:L,'POR Control Log-out'!D:D,본공사입.출고현황!B9) -> 5 | R9: 2 | S9: =O9-Q9-R9-P9 -> 93 | U9: 100 | V9: Cadweld Powder | W9: #90 | X9: EA | Y9: O | AC9: 4 | AG9: =BM9-S9 -> 0 | AI9: 97 | AK9: 97 | AL9: 97 | AM9: 97 | AN9: 97 | AO9: 97 | AP9: 97 | AQ9: 97 | AR9: 97 | AS9: 97 | AT9: 97 | AU9: 97 | AV9: 97 | AW9: 97 | AX9: 97 | AY9: 97 | AZ9: 97 | BA9: 97 | BB9: 93 | BC9: 93 | BD9: 93 | BE9: 93 | BF9: 93 | BG9: 93 | BH9: 93 | BI9: 93 | BJ9: 93 | BK9: 93 | BL9: 93 | BM9: 93 | BN9: 93 | BO9: 93 | BP9: 93 | BQ9: 93 | BR9: 93 | BS9: 93 | BT9: 93 | BU9: 93 | BV9: 93 | BW9: 93 | BX9: =BW9-BY9 -> 93
A10: 6 | B10: GR005 | C10: 5 | D10: Ground | E10: Cadweld Powder #115 | F10: Cadweld Powder | G10: #115 | H10: EA | I10: 540 | J10: =SUMIFS('POR Control Log-income'!L:L,'POR Control Log-income'!F:F,본공사입.출고현황!B10) -> 540 | K10: =I10-J10 -> 0 | M10: =SUMIFS('POR Control Log-income'!L:L,'POR Control Log-income'!F:F,본공사입.출고현황!B10) -> 540 | N10: =J10-M10 -> 0 | O10: =M10 -> 540 | P10: =SUMIFS('POR Control Log-out'!L:L,'POR Control Log-out'!D:D,본공사입.출고현황!B10) -> 207 | R10: 16 | S10: =O10-Q10-R10-P10 -> 317 | U10: 419 | V10: Cadweld Powder | W10: #115 | X10: EA | Y10: O | AC10: 151 | AD10: =O10-AC10 -> 389 | AG10: =BM10-S10 -> 47 | AI10: 414 | AK10: 414 | AL10: 414 | AM10: 414 | AN10: 414 | AO10: 414 | AP10: 404 | AQ10: 394 | AR10: 394 | AS10: 394 | AT10: 384 | AU10: 384 | AV10: 384 | AW10: 384 | AX10: 374 | AY10: 374 | AZ10: 374 | BA10: 364 | BB10: 364 | BC10: 364 | BD10: 364 | BE10: 364 | BF10: 364 | BG10: 364 | BH10: 364 | BI10: 364 | BJ10: 364 | BK10: 364 | BL10: 364 | BM10: 364 | BN10: 364 | BO10: 364 | BP10: 359 | BQ10: 359 | BR10: 357 | BS10: 347 | BT10: 347 | BU10: 347 | BV10: 347 | BW10: 337 | BX10: =BW10-BY10 -> 333 | BY10: 4
A11: 7 | B11: GR006 | C11: 6 | D11: Ground | E11: Cadweld Powder #150 | F11: Cadweld Powder | G11: #150 | H11: EA | I11: 100 | J11: =SUMIFS('POR Control Log-income'!L:L,'POR Control Log-income'!F:F,본공사입.출고현황!B11) -> 100 | K11: =I11-J11 -> 0 | M11: =SUMIFS('POR Control Log-income'!L:L,'POR Control Log-income'!F:F,본공사입.출고현황!B11) -> 100 | N11: =J11-M11 -> 0 | O11: =M11 -> 100 | S11: =O11-Q11-R11-P11 -> 100 | U11: 98 | V11: Cadweld Powder | W11: #150 | X11: EA | Y11: O | AG11: =BM11-S11 -> -2 | AI11: 98 | AK11: 98 | AL11: 98 | AM11: 98 | AN11: 98 | AO11: 98 | AP11: 98 | AQ11: 98 | AR11: 98 | AS11: 98 | AT11: 98 | AU11: 98 | AV11: 98 | AW11: 98 | AX11: 98 | AY11: 98 | AZ11: 98 | BA11: 98 | BB11: 98 | BC11: 98 | BD11: 98 | BE11: 98 | BF11: 98 | BG11: 98 | BH11: 98 | BI11: 98 | BJ11: 98 | BK11: 98 | BL11: 98 | BM11: 98 | BN11: 98 | BO11: 98 | BP11: 98 | BQ11: 98 | BR11: 98 | BS11: 98 | BT11: 98 | BU11: 98 | BV11: 98 | BW11: 100 | BX11: =BW11-BY11 -> 100
A12: 8 | B12: GR007 | C12: 7 | D12: Ground | E12: Cadweld Powder #200 | F12: Cadweld Powder | G12: #200 | H12: EA | I12: 1332 | J12: =SUMIFS('POR Control Log-income'!L:L,'POR Control Log-income'!F:F,본공사입.출고현황!B12) -> 1332 | K12: =I12-J12 -> 0 | M12: =SUMIFS('POR Control Log-income'!L:L,'POR Control Log-income'!F:F,본공사입.출고현황!B12) -> 1332 | N12: =J12-M12 -> 0 | O12: =M12 -> 1332 | P12: =SUMIFS('POR Control Log-out'!L:L,'POR Control Log-out'!D:D,본공사입.출고현황!B12) -> 742 | R12: 223 | S12: =O12-Q12-R12-P12 -> 367 | U12: 430 | V12: Cadweld Powder | W12: #200 | X12: EA | Y12: O | AC12: 740 | AG12: =BM12-S12 -> 2 | AI12: 410 | AJ12: 400 | AK12: 400 | AL12: 369 | AM12: 369 | AN12: 369 | AO12: 369 | AP12: 369 | AQ12: 369 | AR12: 369 | AS12: 369 | AT12: 369 | AU12: 369 | AV12: 369 | AW12: 369 | AX12: 369 | AY12: 369 | AZ12: 369 | BA12: 369 | BB12: 369 | BC12: 369 | BD12: 369 | BE12: 369 | BF12: 369 | BG12: 369 | BH12: 369 | BI12: 369 | BJ12: 369 | BK12: 369 | BL12: 369 | BM12: 369 | BN12: 369 | BO12: 369 | BP12: 369 | BQ12: 369 | BR12: 369 | BS12: 367 | BT12: 367 | BU12: 367 | BV12: 367 | BW12: 367 | BX12: =BW12-BY12 -> 367
A13: 9 | B13: GR008 | C13: 8 | D13: Ground | E13: Cadweld XBQ-Y4Y4 | F13: Welding Mold | G13: Cross (+) | H13: EA | I13: 30 | J13: =SUMIFS('POR Control Log-income'!L:L,'POR Control Log-income'!F:F,본공사입.출고현황!B13) -> 30 | K13: =I13-J13 -> 0 | M13: =SUMIFS('POR Control Log-income'!L:L,'POR Control Log-income'!F:F,본공사입.출고현황!B13) -> 30 | N13: =J13-M13 -> 0 | O13: =M13 -> 30 | P13: =SUMIFS('POR Control Log-out'!L:L,'POR Control Log-out'!D:D,본공사입.출고현황!B13) -> 13 | S13: =O13-Q13-R13-P13 -> 17 | U13: 19 | V13: Cadweld Mold | W13: Cross (+) | X13: EA | Y13: O | AG13: =BM13-S13 -> 1 | AI13: 18 | AK13: 18 | AL13: 18 | AM13: 18 | AN13: 18 | AO13: 18 | AP13: 18 | AQ13: 18 | AR13: 18 | AS13: 18 | AT13: 18 | AU13: 18 | AV13: 18 | AW13: 18 | AX13: 18 | AY13: 18 | AZ13: 18 | BA13: 18 | BB13: 18 | BC13: 18 | BD13: 18 | BE13: 18 | BF13: 18 | BG13: 18 | BH13: 18 | BI13: 18 | BJ13: 18 | BK13: 18 | BL13: 18 | BM13: 18 | BN13: 18 | BO13: 18 | BP13: 18 | BQ13: 18 | BR13: 18 | BS13: 18 | BT13: 18 | BU13: 18 | BV13: 18 | BW13: 17 | BX13: =BW13-BY13 -> 17
A14: 10 | B14: GR009 | C14: 9 | D14: Ground | E14: Cadweld PGC-Y4Y4 | F14: Welding Mold | G14: Parallel (=) | H14: EA | I14: 12 | J14: =SUMIFS('POR Control Log-income'!L:L,'POR Control Log-income'!F:F,본공사입.출고현황!B14) -> 12 | K14: =I14-J14 -> 0 | M14: =SUMIFS('POR Control Log-income'!L:L,'POR Control Log-income'!F:F,본공사입.출고현황!B14) -> 12 | N14: =J14-M14 -> 0 | O14: =M14 -> 12 | P14: =SUMIFS('POR Control Log-out'!L:L,'POR Control Log-out'!D:D,본공사입.출고현황!B14) -> 3 | R14: 0 | S14: =O14-Q14-R14-P14 -> 9 | U14: 7 | V14: Cadweld Mold | W14: Parallel (=) | X14: EA | Y14: O | AG14: =BM14-S14 -> 2 | AI14: 12 | AK14: 12 | AL14: 12 | AM14: 12 | AN14: 12 | AO14: 12 | AP14: 11 | AQ14: 11 | AR14: 11 | AS14: 11 | AT14: 11 | AU14: 11 | AV14: 11 | AW14: 11 | AX14: 11 | AY14: 11 | AZ14: 11 | BA14: 11 | BB14: 11 | BC14: 11 | BD14: 11 | BE14: 11 | BF14: 11 | BG14: 11 | BH14: 11 | BI14: 11 | BJ14: 11 | BK14: 11 | BL14: 11 | BM14: 11 | BN14: 11 | BO14: 11 | BP14: 10 | BQ14: 10 | BR14: 10 | BS14: 10 | BT14: 10 | BU14: 10 | BV14: 10 | BW14: 10 | BX14: =BW14-BY14 -> 10
A15: 11 | B15: GR010 | C15: 10 | D15: Ground | E15: Cadweld TAC-Y4Y4 | F15: Welding Mold | G15: Cross (T) | H15: EA | I15: 5 | J15: =SUMIFS('POR Control Log-income'!L:L,'POR Control Log-income'!F:F,본공사입.출고현황!B15) -> 5 | K15: =I15-J15 -> 0 | M15: =SUMIFS('POR Control Log-income'!L:L,'POR Control Log-income'!F:F,본공사입.출고현황!B15) -> 5 | N15: =J15-M15 -> 0 | O15: =M15 -> 5 | P15: =SUMIFS('POR Control Log-out'!L:L,'POR Control Log-out'!D:D,본공사입.출고현황!B15) -> 1 | R15: 0 | S15: =O15-Q15-R15-P15 -> 4 | U15: 9 | V15: Cadweld Mold | W15: Cross (T) | X15: EA | Y15: O | AG15: =BM15-S15 -> 0 | AI15: 4 | AK15: 4 | AL15: 4 | AM15: 4 | AN15: 4 | AO15: 4 | AP15: 4 | AQ15: 4 | AR15: 4 | AS15: 4 | AT15: 4 | AU15: 4 | AV15: 4 | AW15: 4 | AX15: 4 | AY15: 4 | AZ15: 4 | BA15: 4 | BB15: 4 | BC15: 4 | BD15: 4 | BE15: 4 | BF15: 4 | BG15: 4 | BH15: 4 | BI15: 4 | BJ15: 4 | BK15: 4 | BL15: 4 | BM15: 4 | BN15: 4 | BO15: 4 | BP15: 4 | BQ15: 4 | BR15: 4 | BS15: 4 | BT15: 4 | BU15: 4 | BV15: 4 | BW15: 4 | BX15: =BW15-BY15 -> 4
A16: 12 | B16: GR011 | C16: 11 | D16: Ground | E16: Zinc Spray | F16: Zinc Spray | H16: EA | I16: 196 | J16: =SUMIFS('POR Control Log-income'!L:L,'POR Control Log-income'!F:F,본공사입.출고현황!B16) -> 196 | K16: =I16-J16 -> 0 | M16: =SUMIFS('POR Control Log-income'!L:L,'POR Control Log-income'!F:F,본공사입.출고현황!B16) -> 196 | N16: =J16-M16 -> 0 | O16: =M16 -> 196 | P16: =SUMIFS('POR Control Log-out'!L:L,'POR Control Log-out'!D:D,본공사입.출고현황!B16) -> 99 | S16: =O16-Q16-R16-P16 -> 97 | U16: 128 | V16: Zinc Spray | X16: EA | AC16: 91 | AG16: =BM16-S16 -> 8 | AI16: 130 | AK16: 130 | AL16: 130 | AM16: 130 | AN16: 129 | AO16: 129 | AP16: 129 | AQ16: 129 | AR16: 129 | AS16: 129 | AT16: 129 | AU16: 129 | AV16: 129 | AW16: 129 | AX16: 129 | AY16: 129 | AZ16: 129 | BA16: 129 | BB16: 105 | BC16: 105 | BD16: 105 | BE16: 105 | BF16: 105 | BG16: 105 | BH16: 105 | BI16: 105 | BJ16: 105 | BK16: 105 | BL16: 105 | BM16: 105 | BN16: 105 | BO16: 105 | BP16: 105 | BQ16: 105 | BR16: 105 | BS16: 105 | BT16: 105 | BU16: 105 | BV16: 105 | BW16: 105 | BX16: =BW16-BY16 -> 105
A17: 13 | B17: GR012 | C17: 12 | D17: Miscellious | E17: Nicoband | F17: Nicoband | G17: 10m x 15cm | H17: EA | I17: =20+750 -> 770 | J17: =SUMIFS('POR Control Log-income'!L:L,'POR Control Log-income'!F:F,본공사입.출고현황!B17) -> 20 | K17: =I17-J17 -> 750 | M17: =SUMIFS('POR Control Log-income'!L:L,'POR Control Log-income'!F:F,본공사입.출고현황!B17) -> 20 | N17: =J17-M17 -> 0 | O17: =M17 -> 20 | P17: =SUMIFS('POR Control Log-out'!L:L,'POR Control Log-out'!D:D,본공사입.출고현황!B17) -> 11 | R17: 0 | S17: =O17-Q17-R17-P17 -> 9 | V17: Nicoband | W17: 10m x 15cm | X17: EA | AC17: 24 | AD17: m | AG17: =BM17-S17 -> 7 | AI17: 20 | AK17: 20 | AL17: 20 | AM17: 20 | AN17: 19 | AO17: 19 | AP17: 19 | AQ17: 19 | AR17: 19 | AS17: 19 | AT17: 19 | AU17: 19 | AV17: 19 | AW17: 19 | AX17: 19 | AY17: 19 | AZ17: 17 | BA17: 17 | BB17: 16 | BC17: 16 | BD17: 16 | BE17: 16 | BF17: 16 | BG17: 16 | BH17: 16 | BI17: 16 | BJ17: 16 | BK17: 16 | BL17: 16 | BM17: 16 | BN17: 16 | BO17: 16 | BP17: 16 | BQ17: 16 | BR17: 16 | BS17: 16 | BT17: 16 | BU17: 16 | BV17: 16 | BW17: 16 | BX17: =BW17-BY17 -> 16
A18: 14 | B18: GR013 | C18: 13 | D18: Ground Conduit | E18: Flexible Conduit 2" | F18: Ground Conduit | G18: 2" | H18: M | I18: 2200 | J18: =SUMIFS('POR Control Log-income'!L:L,'POR Control Log-income'!F:F,본공사입.출고현황!B18) -> 2200 | K18: =I18-J18 -> 0 | M18: =SUMIFS('POR Control Log-income'!L:L,'POR Control Log-income'!F:F,본공사입.출고현황!B18) -> 2200 | N18: =J18-M18 -> 0 | O18: 2200 | P18: =SUMIFS('POR Control Log-out'!L:L,'POR Control Log-out'!D:D,본공사입.출고현황!B18) -> 859 | R18: 121 | S18: =O18-Q18-R18-P18 -> 1220 | V18: Flexible Conduit | W18: 2", 50mm | X18: M | AC18: 632.46 | AG18: =BM18-S18 -> 58 | AI18: 1500 | AK18: 1500 | AL18: 1500 | AM18: 1500 | AN18: 1500 | AO18: 1500 | AP18: 1450 | AQ18: 1320 | AR18: 1320 | AS18: 1320 | AT18: 1320 | AU18: 1320 | AV18: 1320 | AW18: 1320 | AX18: 1278 | AY18: 1278 | AZ18: 1278 | BA18: 1278 | BB18: 1278 | BC18: 1278 | BD18: 1278 | BE18: 1278 | BF18: 1278 | BG18: 1278 | BH18: 1278 | BI18: 1278 | BJ18: 1278 | BK18: 1278 | BL18: 1278 | BM18: 1278 | BN18: 1278 | BO18: 1278 | BP18: 1276 | BQ18: 1276 | BR18: 1276 | BS18: 1247.5 | BT18: 1247.5 | BU18: 1247.5 | BV18: 1247.5 | BW18: 1220 | BX18: =BW18-BY18 -> 1220
A19: 15 | B19: GR014 | C19: 14 | D19: PVC PIPE | E19: PVC Flexible Pipe ф 20 | F19: PVC PIPE | G19: ф20 | H19: M | I19: 140 | J19: =SUMIFS('POR Control Log-income'!L:L,'POR Control Log-income'!F:F,본공사입.출고현황!B19) -> 140 | K19: =I19-J19 -> 0 | M19: =SUMIFS('POR Control Log-income'!L:L,'POR Control Log-income'!F:F,본공사입.출고현황!B19) -> 140 | N19: =J19-M19 -> 0 | O19: =M19 -> 140 | P19: =SUMIFS('POR Control Log-out'!L:L,'POR Control Log-out'!D:D,본공사입.출고현황!B19) -> 0 | R19: 0 | S19: =O19-Q19-R19-P19 -> 140 | V19: PVC Flexible Pipe ф 20 | W19: ф20 | X19: M | AG19: =BM19-S19 -> -140 | AI19: 60 | AK19: 60 | AL19: 60 | AM19: 60 | AN19: 60 | AO19: 60 | AP19: 60 | AQ19: 60 | AR19: 60 | AS19: 60 | AT19: 60 | AU19: 60 | AV19: 60 | AW19: 60 | AX19: 60 | AY19: 60 | AZ19: 60 | BA19: 60 | BB19: 60 | BC19: 60 | BW19: 140 | BX19: =BW19-BY19 -> 140
A20: 16 | B20: GR015 | C20: 15 | D20: Ground | E20: nVent Exothemic Welding Control Unit | F20: CAD WELD GUN | H20: EA | I20: 3 | J20: =SUMIFS('POR Control Log-income'!L:L,'POR Control Log-income'!F:F,본공사입.출고현황!B20) -> 3 | K20: =I20-J20 -> 0 | M20: =SUMIFS('POR Control Log-income'!L:L,'POR Control Log-income'!F:F,본공사입.출고현황!B20) -> 3 | N20: =J20-M20 -> 0 | O20: =M20 -> 3 | P20: =SUMIFS('POR Control Log-out'!L:L,'POR Control Log-out'!D:D,본공사입.출고현황!B20) -> 2 | R20: 0 | S20: =O20-Q20-R20-P20 -> 1 | U20: 1 | V20: Welding Control Unit | X20: EA | AG20: =BM20-S20 -> 0 | AI20: 1 | AK20: 1 | AL20: 1 | AM20: 1 | AN20: 1 | AO20: 1 | AP20: 1 | AQ20: 1 | AR20: 1 | AS20: 1 | AT20: 1 | AU20: 1 | AV20: 1 | AW20: 1 | AX20: 1 | AY20: 1 | AZ20: 1 | BA20: 1 | BB20: 1 | BC20: 1 | BD20: 1 | BE20: 1 | BF20: 1 | BG20: 1 | BH20: 1 | BI20: 1 | BJ20: 1 | BK20: 1 | BL20: 1 | BM20: 1 | BN20: 1 | BO20: 1 | BP20: 1 | BQ20: 1 | BR20: 1 | BS20: 1 | BT20: 1 | BU20: 1 | BV20: 1 | BW20: 1 | BX20: =BW20-BY20 -> 1
A21: 17 | C21: B | E21: Conduit | J21: =SUMIFS('POR Control Log-income'!L:L,'POR Control Log-income'!F:F,본공사입.출고현황!B21) -> 0 | M21: =SUMIFS('POR Control Log-income'!L:L,'POR Control Log-income'!F:F,본공사입.출고현황!B21) -> 0 | N21: =J21-M21 -> 0 | S21: =O21-Q21-R21-P21 -> 0 | AG21: =BM21-S21 -> 0 | AM21: 0 | AN21: 0 | AO21: 0 | AP21: 0 | AQ21: 0 | AR21: 0 | AS21: 0 | AT21: 0 | AU21: 0 | AV21: 0 | AW21: 0 | AX21: 0 | AY21: 0 | AZ21: 0 | BA21: 0 | BB21: 0 | BC21: 0 | BD21: 0 | BE21: 0 | BF21: 0 | BG21: 0 | BH21: 0 | BI21: 0 | BJ21: 0 | BK21: 0 | BL21: 0 | BM21: 0 | BN21: 0 | BO21: 0 | BP21: 0 | BQ21: 0 | BR21: 0 | BS21: 0 | BT21: 0 | BU21: 0 | BV21: 0 | BX21: =BW21-BY21 -> 0
A22: 18 | B22: CO001 | C22: 1 | D22: Conduit | E22: Conduit (Galvanized) Ts-100x4.5 | F22: Conduit (Galvanized) | G22: 114x4.5 | H22: M | I22: 2551 | J22: =SUMIFS('POR Control Log-income'!L:L,'POR Control Log-income'!F:F,본공사입.출고현황!B22) -> 2437 | K22: =I22-J22 -> 114 | M22: =SUMIFS('POR Control Log-income'!L:L,'POR Control Log-income'!F:F,본공사입.출고현황!B22) -> 2437 | N22: =J22-M22 -> 0 | O22: =M22 -> 2437 | P22: =SUMIFS('POR Control Log-out'!L:L,'POR Control Log-out'!D:D,본공사입.출고현황!B22) -> 1438 | Q22: =311+97+189 -> 597 | R22: 270 | S22: =O22-Q22-R22-P22 -> 132 | V22: Conduit (Galvanized) | W22: 4.5" | X22: M | Y22: O | AB22: 3" | AC22: 1331.121 | AD22: =AC22-P23 -> -120.879 | AG22: =BM22-S22 -> 600.6 | AI22: 68 | AK22: 68 | AL22: 68 | AM22: 68 | AN22: 68 | AO22: 68 | AP22: 68 | AQ22: 68 | AR22: 68 | AS22: 68 | AT22: 68 | AU22: 68 | AV22: 68 | AW22: 68 | AX22: 68 | AZ22: 0 | BA22: 0 | BB22: 0 | BC22: 0 | BD22: 830 | BE22: 830 | BF22: 732.6 | BG22: 732.6 | BH22: 732.6 | BI22: 732.6 | BJ22: 732.6 | BK22: 732.6 | BL22: 732.6 | BM22: 732.6 | BN22: 732.6 | BO22: 732.6 | BP22: 732.6 | BQ22: 732.6 | BR22: 732.6 | BS22: 732.6 | BT22: 732.6 | BU22: 732.6 | BV22: 732.6 | BW22: 840 | BX22: =BW22-BY22 -> 840
A23: 19 | B23: CO002 | C23: 2 | D23: Conduit | E23: Conduit (Galvanized) Ts-80x4 | F23: Conduit (Galvanized) | G23: 88x4 | H23: M | I23: 5390 | J23: =SUMIFS('POR Control Log-income'!L:L,'POR Control Log-income'!F:F,본공사입.출고현황!B23) -> 5390 | K23: =I23-J23 -> 0 | M23: =SUMIFS('POR Control Log-income'!L:L,'POR Control Log-income'!F:F,본공사입.출고현황!B23) -> 5390 | N23: =J23-M23 -> 0 | O23: =M23 -> 5390 | P23: =SUMIFS('POR Control Log-out'!L:L,'POR Control Log-out'!D:D,본공사입.출고현황!B23) -> 1452 | Q23: =198+58-120+240+84 -> 460 | R23: 238 | S23: =O23-Q23-R23-P23 -> 3240 | T23: ULD 및 UGD 필요수량 포함 | V23: Conduit (Galvanized) | W23: 3" | X23: M | Y23: O | AB23: 4" | AC23: 5156.088 | AD23: =AC23-P29 -> -0.4 | AG23: =BM23-S23 -> 84 | AI23: 612 | AK23: 612 | AL23: 612 | AM23: 612 | AN23: 612 | AO23: 612 | AP23: 612 | AQ23: 612 | AR23: 612 | AS23: 612 | AT23: 612 | AU23: 612 | AV23: 612 | AW23: 612 | AX23: 612 | AY23: 3618 | AZ23: 3564 | BA23: 3564 | BB23: 3564 | BC23: 3564 | BD23: 3564 | BE23: 3564 | BF23: 3324 | BG23: 3324 | BH23: 3324 | BI23: 3324 | BJ23: 3324 | BK23: 3324 | BL23: 3324 | BM23: 3324 | BN23: 3324 | BO23: 3324 | BP23: 3324 | BQ23: 3324 | BR23: 3324 | BS23: 3324 | BT23: 3324 | BU23: 3324 | BV23: 3324 | BW23: 3324 | BX23: =BW23-BY23 -> 3324
A24: 20 | B24: XX-CO003 | C24: 3 | D24: Conduit | E24: Conduit 159x4.5 | F24: Conduit | G24: 159x6.0 | H24: M | I24: 0 | J24: =SUMIFS('POR Control Log-income'!L:L,'POR Control Log-income'!F:F,본공사입.출고현황!B24) -> 0 | K24: =I24-J24 -> 0 | M24: =SUMIFS('POR Control Log-income'!L:L,'POR Control Log-income'!F:F,본공사입.출고현황!B24) -> 0 | N24: =J24-M24 -> 0 | O24: =M24 -> 0 | P24: =SUMIFS('POR Control Log-out'!L:L,'POR Control Log-out'!D:D,본공사입.출고현황!B24) -> 0 | S24: =O24-Q24-R24-P24 -> 0 | T24: 설계 변경 → 6.5"(168mm) | U24: holding | V24: Conduit | W24: 6" | X24: M | Y24: 삭제 요망 | AB24: 4.5" | AC24: 933.165 | AD24: =AC24-P22 -> -504.835 | AG24: =BM24-S24 -> 0 | AM24: 0 | AN24: 0 | AO24: 0 | AP24: 0 | AQ24: 0 | AR24: 0 | AS24: 0 | AT24: 0 | AU24: 0 | AV24: 0 | AW24: 0 | AX24: 0 | AY24: 0 | AZ24: 0 | BA24: 0 | BB24: 0 | BC24: 0 | BD24: 0 | BE24: 0 | BF24: 0 | BG24: 0 | BH24: 0 | BI24: 0 | BJ24: 0 | BK24: 0 | BL24: 0 | BM24: 0 | BN24: 0 | BO24: 0 | BP24: 0 | BQ24: 0 | BR24: 0 | BS24: 0 | BT24: 0 | BU24: 0 | BV24: 0 | BW24: 0 | BX24: =BW24-BY24 -> 0
A25: 25 | B25: CO003 | C25: 4 | D25: Conduit | E25: Conduit (Galvanized) 168x6 | F25: Conduit (Galvanized) | G25: 168x6 | H25: M | I25: 172 | J25: =SUMIFS('POR Control Log-income'!L:L,'POR Control Log-income'!F:F,본공사입.출고현황!B25) -> 0 | K25: =I25-J25 -> 172 | M25: =SUMIFS('POR Control Log-income'!L:L,'POR Control Log-income'!F:F,본공사입.출고현황!B25) -> 0 | N25: =J25-M25 -> 0 | O25: =M25 -> 0 | P25: =SUMIFS('POR Control Log-out'!L:L,'POR Control Log-out'!D:D,본공사입.출고현황!B25) -> 0 | R25: 0 | S25: =O25-Q25-R25-P25 -> 0 | T25: 설계 추가 | V25: Conduit (Galvanized) | W25: 6.5" | X25: M | Y25: O | AB25: 5.5" | AC25: 0 | AD25: =AC25-P27 -> 0 | AG25: =BM25-S25 -> 0 | AM25: 0 | AN25: 0 | AO25: 0 | AP25: 0 | AQ25: 0 | AR25: 0 | AS25: 0 | AT25: 0 | AU25: 0 | AV25: 0 | AW25: 0 | AX25: 0 | AY25: 0 | AZ25: 0 | BA25: 0 | BB25: 0 | BD25: 0 | BE25: 0 | BF25: 0 | BG25: 0 | BH25: 0 | BI25: 0 | BJ25: 0 | BK25: 0 | BL25: 0 | BM25: 0 | BN25: 0 | BO25: 0 | BP25: 0 | BQ25: 0 | BR25: 0 | BS25: 0 | BT25: 0 | BU25: 0 | BV25: 0 | BW25: 172 | BX25: =BW25-BY25 -> 172
A26: 21 | B26: CO004 | C26: 5 | D26: Conduit | E26: Conduit 159x4.5 | F26: Conduit | G26: 159x4.5 | H26: M | I26: 1400.32 | J26: =SUMIFS('POR Control Log-income'!L:L,'POR Control Log-income'!F:F,본공사입.출고현황!B26) -> 1400.32 | K26: =I26-J26 -> 0 | M26: =SUMIFS('POR Control Log-income'!L:L,'POR Control Log-income'!F:F,본공사입.출고현황!B26) -> 1400.32 | N26: =J26-M26 -> 0 | O26: =M26 -> 1400.32 | P26: =SUMIFS('POR Control Log-out'!L:L,'POR Control Log-out'!D:D,본공사입.출고현황!B26) -> 1176 | R26: 116.32 | S26: =O26-Q26-R26-P26 -> 108 | V26: Conduit | W26: 6" | X26: M | Y26: O | AB26: 6" | AC26: 1175.36 | AD26: =AC26-P26 -> -0.64 | AG26: =BM26-S26 -> 0 | AI26: 190 | AJ26: 162 | AK26: 162 | AL26: 162 | AM26: 162 | AN26: 162 | AO26: 162 | AP26: 162 | AQ26: 162 | AR26: 162 | AS26: 162 | AT26: 162 | AU26: 162 | AV26: 156 | AW26: 156 | AX26: 156 | AY26: 108 | AZ26: 108 | BA26: 108 | BB26: 108 | BC26: 108 | BD26: 108 | BE26: 108 | BF26: 108 | BG26: 108 | BH26: 108 | BI26: 108 | BJ26: 108 | BK26: 108 | BL26: 108 | BM26: 108 | BN26: 108 | BO26: 108 | BP26: 108 | BQ26: 108 | BR26: 108 | BS26: 108 | BT26: 108 | BU26: 108 | BV26: 108 | BW26: 108 | BX26: =BW26-BY26 -> 108
A27: 22 | B27: CO005 | C27: 6 | D27: Conduit | E27: Conduit (Galvanized) 140x5 | F27: Conduit (Galvanized) | G27: 140x5 | H27: M | I27: 530 | J27: =SUMIFS('POR Control Log-income'!L:L,'POR Control Log-income'!F:F,본공사입.출고현황!B27) -> 530 | K27: =I27-J27 -> 0 | M27: =SUMIFS('POR Control Log-income'!L:L,'POR Control Log-income'!F:F,본공사입.출고현황!B27) -> 530 | N27: =J27-M27 -> 0 | O27: =M27 -> 530 | P27: =SUMIFS('POR Control Log-out'!L:L,'POR Control Log-out'!D:D,본공사입.출고현황!B27) -> 0 | Q27: 189 | R27: 0 | S27: =O27-Q27-R27-P27 -> 341 | U27: holding | V27: Conduit (Galvanized) | W27: 5.5" | X27: M | AB27: 6.5" | AC27: 0 | AD27: =AC27-P25 -> 0 | AG27: =BM27-S27 -> 0.16 | AM27: 0 | AN27: 0 | AO27: 0 | AP27: 0 | AQ27: 0 | AR27: 451 | AS27: 451 | AT27: 451 | AU27: 451 | AV27: 451 | AW27: 451 | AX27: 451 | AY27: 451 | AZ27: 451 | BA27: 451 | BB27: 451 | BC27: 451 | BD27: =451+79 -> 530 | BE27: 530 | BF27: 341.16 | BG27: 341.16 | BH27: 341.16 | BI27: 341.16 | BJ27: 341.16 | BK27: 341.16 | BL27: 341.16 | BM27: 341.16 | BN27: 341.16 | BO27: 341.16 | BP27: 341.16 | BQ27: 341.16 | BR27: 341.16 | BS27: 341.16 | BT27: 341.16 | BU27: 341.16 | BV27: 341.16 | BW27: 341 | BX27: =BW27-BY27 -> 341
A28: 23 | B28: XX-CO006 | C28: 7 | D28: Conduit | E28: Conduit 108x5 | F28: Conduit | G28: 108x5 | H28: M | I28: 0 | J28: =SUMIFS('POR Control Log-income'!L:L,'POR Control Log-income'!F:F,본공사입.출고현황!B28) -> 0 | K28: =I28-J28 -> 0 | M28: =SUMIFS('POR Control Log-income'!L:L,'POR Control Log-income'!F:F,본공사입.출고현황!B28) -> 0 | N28: =J28-M28 -> 0 | O28: =M28 -> 0 | P28: =SUMIFS('POR Control Log-out'!L:L,'POR Control Log-out'!D:D,본공사입.출고현황!B28) -> 0 | R28: 0 | S28: =O28-Q28-R28-P28 -> 0 | T28: 설계 삭제(토건 역무) | U28: holding | V28: Conduit | W28: 4" | X28: M | Y28: 삭제 요망 | AG28: =BM28-S28 -> 0 | AM28: 0 | AN28: 0 | AO28: 0 | AP28: 0 | AQ28: 0 | AR28: 0 | AS28: 0 | AT28: 0 | AU28: 0 | AV28: 0 | AW28: 0 | AX28: 0 | AY28: 0 | AZ28: 0 | BA28: 0 | BB28: 0 | BC28: 0 | BD28: 0 | BE28: 0 | BF28: 0 | BG28: 0 | BH28: 0 | BI28: 0 | BJ28: 0 | BK28: 0 | BL28: 0 | BM28: 0 | BN28: 0 | BO28: 0 | BP28: 0 | BQ28: 0 | BR28: 0 | BS28: 0 | BT28: 0 | BU28: 0 | BV28: 0 | BW28: 0 | BX28: =BW28-BY28 -> 0
A29: 24 | B29: CO007 | C29: 8 | D29: Conduit | E29: Conduit 108x4.0 | F29: Conduit | G29: 108x4 | H29: M | I29: =5956+84 -> 6040 | J29: =SUMIFS('POR Control Log-income'!L:L,'POR Control Log-income'!F:F,본공사입.출고현황!B29) -> 5956 | K29: =I29-J29 -> 84 | L29: 66 | M29: =SUMIFS('POR Control Log-income'!L:L,'POR Control Log-income'!F:F,본공사입.출고현황!B29) -> 5956 | N29: =J29-M29 -> 0 | O29: =M29 -> 5956 | P29: =SUMIFS('POR Control Log-out'!L:L,'POR Control Log-out'!D:D,본공사입.출고현황!B29) -> 5156.488 | Q29: 113 | R29: =555.512 -> 555.512 | S29: =O29-Q29-R29-P29 -> 131 | T29: (Scrap 555.5)-(발전기 굴뚝 : 86M) | V29: Conduit | W29: 4" | X29: M | Y29: O | AG29: =BM29-S29 -> -66 | AI29: 937.5 | AJ29: 841 | AK29: =670-30 -> 640 | AL29: 640 | AM29: 640 | AN29: 640 | AO29: 467 | AP29: 467 | AQ29: 467 | AR29: 447 | AS29: 314 | AT29: 314 | AU29: 307.5 | AV29: 305.5 | AW29: 295.5 | AX29: 295.5 | AY29: 235.17 | AZ29: 235.17 | BA29: 122.9 | BB29: 65 | BC29: 65 | BD29: 65 | BE29: 65 | BF29: 65 | BG29: 65 | BH29: 65 | BI29: 65 | BJ29: 65 | BK29: 65 | BL29: 65 | BM29: 65 | BN29: 65 | BO29: 65 | BP29: 65 | BQ29: 65 | BR29: 65 | BS29: 65 | BT29: 65 | BU29: 65 | BV29: 65 | BW29: 131 | BX29: =BW29-BY29 -> 131
A30: 25 | B30: CO008.1 | C30: 9 | D30: Conduit | E30: Conduit (Galvanized) 60.3x3.91 | F30: Conduit (Galvanized) | G30: 60.3x3.91 | H30: M | I30: 18 | J30: =SUMIFS('POR Control Log-income'!L:L,'POR Control Log-income'!F:F,본공사입.출고현황!B30) -> 18 | K30: =I30-J30 -> 0 | M30: =SUMIFS('POR Control Log-income'!L:L,'POR Control Log-income'!F:F,본공사입.출고현황!B30) -> 18 | N30: =J30-M30 -> 0 | O30: =M30 -> 18 | P30: =SUMIFS('POR Control Log-out'!L:L,'POR Control Log-out'!D:D,본공사입.출고현황!B30) -> 18 | Q30: 0 | R30: 0 | S30: =O30-Q30-R30-P30 -> 0 | T30: 추가 | V30: Conduit (Galvanized) | W30: 2" | X30: M | AG30: =BM30-S30 -> 0 | AM30: 0 | AN30: 0 | AO30: 0 | AP30: 0 | AQ30: 0 | AR30: 0 | AS30: 0 | AT30: 0 | AU30: 0 | AV30: 0 | AW30: 0 | AX30: 0 | AY30: 0 | AZ30: 0 | BA30: 0 | BB30: 0 | BD30: 0 | BE30: 0 | BF30: 0 | BG30: 0 | BH30: 0 | BI30: 0 | BJ30: 0 | BK30: 0 | BL30: 0 | BM30: 0 | BN30: 0 | BO30: 0 | BP30: 0 | BQ30: 0 | BR30: 0 | BS30: 0 | BT30: 0 | BU30: 0 | BV30: 0 | BW30: 0 | BX30: =BW30-BY30 -> 0
A31: 26 | B31: CO009 | C31: 10 | D31: Conduit Fitting | E31: Conduit Coupling 168x4 | F31: Conduit Coupling | G31: 168x4 | H31: M | I31: 44 | J31: =SUMIFS('POR Control Log-income'!L:L,'POR Control Log-income'!F:F,본공사입.출고현황!B31) -> 44 | K31: =I31-J31 -> 0 | M31: =SUMIFS('POR Control Log-income'!L:L,'POR Control Log-income'!F:F,본공사입.출고현황!B31) -> 44 | N31: =J31-M31 -> 0 | O31: =M31 -> 44 | P31: =SUMIFS('POR Control Log-out'!L:L,'POR Control Log-out'!D:D,본공사입.출고현황!B31) -> 1.3 | R31: 0 | S31: =O31-Q31-R31-P31 -> 42.7 | T31: =S31/0.15 -> 284.66667 | U31: =S31/293 -> 0.14573379 | V31: Coupling | W31: 6" | X31: EA | Y31: O | AG31: =BM31-S31 -> 0 | AK31: 44 | AL31: 44 | AM31: 44 | AN31: 44 | AO31: 44 | AP31: 44 | AQ31: 44 | AR31: 44 | AS31: 44 | AT31: 44 | AU31: 44 | AV31: 43 | AW31: 42.7 | AX31: 42.7 | AY31: 42.7 | AZ31: 42.7 | BA31: 42.7 | BB31: 42.7 | BC31: 42.7 | BD31: 42.7 | BE31: 42.7 | BF31: 42.7 | BG31: 42.7 | BH31: 42.7 | BI31: 42.7 | BJ31: 42.7 | BK31: 42.7 | BL31: 42.7 | BM31: 42.7 | BN31: 42.7 | BO31: 42.7 | BP31: 42.7 | BQ31: 42.7 | BR31: 42.7 | BS31: 42.7 | BT31: 42.7 | BU31: 42.7 | BV31: 42.7 | BW31: 42.7 | BX31: =BW31-BY31 -> 42.7
A32: 27 | B32: CO010 | C32: 11 | D32: Conduit Fitting | E32: Conduit Coupling 168x4 | F32: Conduit Coupling | G32: 168x4 | H32: EA | I32: 200 | J32: =SUMIFS('POR Control Log-income'!L:L,'POR Control Log-income'!F:F,본공사입.출고현황!B32) -> 200 | K32: =I32-J32 -> 0 | M32: =SUMIFS('POR Control Log-income'!L:L,'POR Control Log-income'!F:F,본공사입.출고현황!B32) -> 200 | N32: =J32-M32 -> 0 | O32: =M32 -> 200 | P32: =SUMIFS('POR Control Log-out'!L:L,'POR Control Log-out'!D:D,본공사입.출고현황!B32) -> 188 | Q32: 0 | R32: 0 | S32: =O32-Q32-R32-P32 -> 12 | V32: Coupling | W32: 6" | X32: EA | Y32: O | AG32: =BM32-S32 -> 0 | AK32: 26 | AL32: 18 | AM32: 18 | AN32: 18 | AO32: 18 | AP32: 18 | AQ32: 18 | AR32: 18 | AS32: 18 | AT32: 12 | AU32: 12 | AV32: 12 | AW32: 12 | AX32: 12 | AY32: 12 | AZ32: 12 | BA32: 12 | BB32: 12 | BC32: 12 | BD32: 12 | BE32: 12 | BF32: 12 | BG32: 12 | BH32: 12 | BI32: 12 | BJ32: 12 | BK32: 12 | BL32: 12 | BM32: 12 | BN32: 12 | BO32: 12 | BP32: 12 | BQ32: 12 | BR32: 12 | BS32: 12 | BT32: 12 | BU32: 12 | BV32: 12 | BW32: 12 | BX32: =BW32-BY32 -> 12
A33: 28 | B33: CO011 | C33: 12 | D33: Conduit Fitting | E33: Conduit Coupling 125-Ts | F33: Conduit Coupling | G33: Ts-125x5 | H33: EA | I33: =60+60 -> 120 | J33: =SUMIFS('POR Control Log-income'!L:L,'POR Control Log-income'!F:F,본공사입.출고현황!B33) -> 60 | K33: =I33-J33 -> 60 | M33: =SUMIFS('POR Control Log-income'!L:L,'POR Control Log-income'!F:F,본공사입.출고현황!B33) -> 60 | N33: =J33-M33 -> 0 | O33: =M33 -> 60 | P33: =SUMIFS('POR Control Log-out'!L:L,'POR Control Log-out'!D:D,본공사입.출고현황!B33) -> 0 | Q33: 14 | R33: 0 | S33: =O33-Q33-R33-P33 -> 46 | U33: holding | V33: Coupling (Galvanized) | W33: 5.5" | X33: EA | AG33: =BM33-S33 -> 14 | AM33: 0 | AN33: 0 | AO33: 0 | AP33: 0 | AQ33: 0 | AR33: 0 | AS33: 0 | AT33: 0 | AU33: 0 | AV33: 0 | AW33: 0 | AX33: 0 | AY33: 0 | AZ33: 0 | BA33: 0 | BB33: 0 | BD33: 60 | BE33: 60 | BF33: 60 | BG33: 60 | BH33: 60 | BI33: 60 | BJ33: 60 | BK33: 60 | BL33: 60 | BM33: 60 | BN33: 60 | BO33: 60 | BP33: 60 | BQ33: 60 | BR33: 60 | BS33: 60 | BT33: 60 | BU33: 60 | BV33: 60 | BW33: 60 | BX33: =BW33-BY33 -> 60
A34: 29 | B34: CO012 | C34: 13 | D34: Conduit Fitting | E34: Conduit Coupling 121x5 | F34: Conduit Coupling | G34: 121x5 | H34: M | I34: 104 | J34: =SUMIFS('POR Control Log-income'!L:L,'POR Control Log-income'!F:F,본공사입.출고현황!B34) -> 104 | K34: =I34-J34 -> 0 | M34: =SUMIFS('POR Control Log-income'!L:L,'POR Control Log-income'!F:F,본공사입.출고현황!B34) -> 104 | N34: =J34-M34 -> 0 | O34: =M34 -> 104 | P34: =SUMIFS('POR Control Log-out'!L:L,'POR Control Log-out'!D:D,본공사입.출고현황!B34) -> 48 | Q34: 1.5 | R34: 0 | S34: =O34-Q34-R34-P34 -> 54.5 | T34: =S34/0.15 -> 363.33333 | U34: =S34/613 -> 0.088907015 | V34: Coupling | W34: 4" | X34: EA | Y34: O | AG34: =BM34-S34 -> 0 | AI34: 72.5 | AJ34: 72.5 | AK34: 72.5 | AL34: 71.5 | AM34: =71.5-1.5 -> 70 | AN34: 71.5 | AO34: 71.5 | AP34: 71.5 | AQ34: 71.5 | AR34: 68.5 | AS34: 68.5 | AT34: 68.5 | AU34: 56.5 | AV34: 54.5 | AW34: 54.5 | AX34: 54.5 | AY34: 54.5 | AZ34: 54.5 | BA34: 54.5 | BB34: 54.5 | BC34: 54.5 | BD34: 54.5 | BE34: 54.5 | BF34: 54.5 | BG34: 54.5 | BH34: 54.5 | BI34: 54.5 | BJ34: 54.5 | BK34: 54.5 | BL34: 54.5 | BM34: 54.5 | BN34: 54.5 | BO34: 54.5 | BP34: 54.5 | BQ34: 54.5 | BR34: 54.5 | BS34: 54.5 | BT34: 54.5 | BU34: 54.5 | BV34: 54.5 | BW34: 54.5 | BX34: =BW34-BY34 -> 54.5
A35: 30 | B35: CO013 | C35: 14 | D35: Conduit Fitting | E35: Conduit Coupling 121x5 | F35: Conduit Coupling | G35: 121x5 | H35: EA | I35: 456 | J35: =SUMIFS('POR Control Log-income'!L:L,'POR Control Log-income'!F:F,본공사입.출고현황!B35) -> 456 | K35: =I35-J35 -> 0 | M35: =SUMIFS('POR Control Log-income'!L:L,'POR Control Log-income'!F:F,본공사입.출고현황!B35) -> 456 | N35: =J35-M35 -> 0 | O35: =M35 -> 456 | P35: =SUMIFS('POR Control Log-out'!L:L,'POR Control Log-out'!D:D,본공사입.출고현황!B35) -> 423 | Q35: 33 | R35: 0 | S35: =O35-Q35-R35-P35 -> 0 | V35: Coupling | W35: 4" | X35: EA | Y35: O | AG35: =BM35-S35 -> 0 | AM35: 0 | AN35: 0 | AO35: 0 | AP35: 0 | AQ35: 0 | AR35: 0 | AS35: 0 | AT35: 0 | AU35: 0 | AV35: 0 | AW35: 0 | AX35: 0 | AY35: 0 | AZ35: 0 | BA35: 0 | BB35: 0 | BC35: 0 | BD35: 0 | BE35: 0 | BF35: 0 | BG35: 0 | BH35: 0 | BI35: 0 | BJ35: 0 | BK35: 0 | BL35: 0 | BM35: 0 | BN35: 0 | BO35: 0 | BP35: 0 | BQ35: 0 | BR35: 0 | BS35: 0 | BT35: 0 | BU35: 0 | BV35: 0 | BW35: 0 | BX35: =BW35-BY35 -> 0
A36: 31 | B36: CO014 | C36: 15 | D36: Conduit Fitting | E36: Conduit Coupling 100-Ts | F36: Conduit Coupling | G36: 100-Ts | H36: EA | I36: 280 | J36: =SUMIFS('POR Control Log-income'!L:L,'POR Control Log-income'!F:F,본공사입.출고현황!B36) -> 280 | K36: =I36-J36 -> 0 | M36: =SUMIFS('POR Control Log-income'!L:L,'POR Control Log-income'!F:F,본공사입.출고현황!B36) -> 280 | N36: =J36-M36 -> 0 | O36: =M36 -> 280 | P36: =SUMIFS('POR Control Log-out'!L:L,'POR Control Log-out'!D:D,본공사입.출고현황!B36) -> 175 | R36: 0 | S36: =O36-Q36-R36-P36 -> 105 | V36: Coupling (Galvanized) | W36: 4.5" | X36: EA | Y36: O | AG36: =BM36-S36 -> 20 | AI36: 7 | AJ36: 7 | AK36: 7 | AL36: 7 | AM36: 42 | AO36: 0 | AP36: 0 | AQ36: 0 | AR36: 0 | AS36: 0 | AT36: 0 | AU36: 0 | AV36: 0 | AW36: 0 | AX36: 0 | AY36: 0 | AZ36: 0 | BA36: 0 | BB36: 0 | BD36: 125 | BE36: 125 | BF36: 125 | BG36: 125 | BH36: 125 | BI36: 125 | BJ36: 125 | BK36: 125 | BL36: 125 | BM36: 125 | BN36: 125 | BO36: 125 | BP36: 125 | BQ36: 125 | BR36: 125 | BS36: 125 | BT36: 125 | BU36: 125 | BV36: 125 | BW36: 125 | BX36: =BW36-BY36 -> 125
A37: 32 | B37: CO015 | C37: 16 | D37: Conduit Fitting | E37: Conduit Coupling 80-Ts | F37: Conduit Coupling | G37: 80-Ts | H37: EA | I37: 440 | J37: =SUMIFS('POR Control Log-income'!L:L,'POR Control Log-income'!F:F,본공사입.출고현황!B37) -> 440 | K37: =I37-J37 -> 0 | M37: =SUMIFS('POR Control Log-income'!L:L,'POR Control Log-income'!F:F,본공사입.출고현황!B37) -> 440 | N37: =J37-M37 -> 0 | O37: =M37 -> 440 | P37: =SUMIFS('POR Control Log-out'!L:L,'POR Control Log-out'!D:D,본공사입.출고현황!B37) -> 368 | R37: 0 | S37: =O37-Q37-R37-P37 -> 72 | V37: Coupling (Galvanized) | W37: 3" | X37: EA | Y37: O | AG37: =BM37-S37 -> -11 | AI37: 188 | AJ37: 188 | AK37: 188 | AL37: 188 | AM37: 188 | AN37: 188 | AO37: 188 | AP37: 188 | AQ37: 188 | AR37: 188 | AS37: 60 | AT37: 55 | AU37: 55 | AV37: 55 | AW37: 55 | AX37: 55 | AY37: 55 | AZ37: 55 | BA37: 55 | BB37: 55 | BC37: 53 | BD37: 30 | BE37: 30 | BF37: 30 | BG37: 30 | BH37: 61 | BI37: 61 | BJ37: 61 | BK37: 61 | BL37: 61 | BM37: 61 | BN37: 61 | BO37: 61 | BP37: 61 | BQ37: 61 | BR37: 61 | BS37: 61 | BT37: 61 | BU37: 61 | BV37: 61 | BW37: 299 | BX37: =BW37-BY37 -> 299
B38: CO015.1 | C38: 17 | D38: Conduit Fitting | E38: Conduit Coupling | F38: Conduit Coupling | G38: 50-11 NPT | H38: EA | I38: 9 | J38: =SUMIFS('POR Control Log-income'!L:L,'POR Control Log-income'!F:F,본공사입.출고현황!B38) -> 9 | K38: =I38-J38 -> 0 | M38: =SUMIFS('POR Control Log-income'!L:L,'POR Control Log-income'!F:F,본공사입.출고현황!B38) -> 9 | N38: =J38-M38 -> 0 | O38: =M38 -> 9 | P38: =SUMIFS('POR Control Log-out'!L:L,'POR Control Log-out'!D:D,본공사입.출고현황!B38) -> 9 | Q38: 0 | S38: =O38-Q38-R38-P38 -> 0 | T38: 추가 | V38: Coupling (Galvanized) | W38: 2" | X38: EA
A39: 33 | B39: CO016 | C39: 18 | D39: Sup't | E39: Angle 50x50x5 | F39: Angle | G39: 50*50*5 | H39: M | I39: 3584 | J39: =SUMIFS('POR Control Log-income'!L:L,'POR Control Log-income'!F:F,본공사입.출고현황!B39) -> 3584 | K39: =I39-J39 -> 0 | M39: =SUMIFS('POR Control Log-income'!L:L,'POR Control Log-income'!F:F,본공사입.출고현황!B39) -> 3584 | N39: =J39-M39 -> 0 | O39: =M39 -> 3584 | P39: =SUMIFS('POR Control Log-out'!L:L,'POR Control Log-out'!D:D,본공사입.출고현황!B39) -> 2726 | Q39: 459.1 | R39: =323.9+3 -> 326.9 | S39: =O39-Q39-R39-P39 -> 72 | T39: ULD 및 UGD 필요수량 포함 | V39: Angle | W39: 50*50*5 | X39: M | Y39: O | AG39: =BM39-S39 -> 0 | AI39: 858 | AJ39: 858 | AK39: 840 | AL39: 780 | AM39: 660 | AN39: 636 | AO39: 624 | AP39: 540 | AQ39: 516 | AR39: 396 | AS39: 396 | AT39: 348 | AU39: 264 | AV39: 252 | AW39: 204 | AX39: 204 | AY39: 204 | AZ39: 204 | BA39: 204 | BB39: 204 | BC39: 168 | BD39: 72 | BE39: 72 | BF39: 72 | BG39: 72 | BH39: 72 | BI39: 72 | BJ39: 72 | BK39: 72 | BL39: 72 | BM39: 72 | BN39: 72 | BO39: 72 | BP39: 72 | BQ39: 72 | BR39: 72 | BS39: 72 | BT39: 72 | BU39: 72 | BV39: 72 | BW39: 872 | BX39: =BW39-BY39 -> 872
A40: 34 | B40: CO017 | C40: 19 | D40: Sup't | E40: Angle 70x70x7 | F40: Angle | G40: 70*70*7 | H40: M | I40: 732 | J40: =SUMIFS('POR Control Log-income'!L:L,'POR Control Log-income'!F:F,본공사입.출고현황!B40) -> 732 | K40: =I40-J40 -> 0 | M40: =SUMIFS('POR Control Log-income'!L:L,'POR Control Log-income'!F:F,본공사입.출고현황!B40) -> 732 | N40: =J40-M40 -> 0 | O40: =M40 -> 732 | P40: =SUMIFS('POR Control Log-out'!L:L,'POR Control Log-out'!D:D,본공사입.출고현황!B40) -> 414.4 | R40: 29.6 | S40: =O40-Q40-R40-P40 -> 288 | V40: Angle | W40: 70*70*7 | X40: M | Y40: O | AG40: =BM40-S40 -> 0 | AI40: 432 | AJ40: 432 | AK40: 336 | AL40: 336 | AM40: 336 | AN40: 336 | AO40: 324 | AP40: 324 | AQ40: 324 | AR40: 324 | AS40: 324 | AT40: 324 | AU40: 324 | AV40: 324 | AW40: 324 | AX40: 318 | AY40: 318 | AZ40: 318 | BA40: 318 | BB40: 288 | BC40: 288 | BD40: 288 | BE40: 288 | BF40: 288 | BG40: 288 | BH40: 288 | BI40: 288 | BJ40: 288 | BK40: 288 | BL40: 288 | BM40: 288 | BN40: 288 | BO40: 288 | BP40: 288 | BQ40: 288 | BR40: 288 | BS40: 288 | BT40: 288 | BU40: 288 | BV40: 288 | BW40: 288 | BX40: =BW40-BY40 -> 288
A41: 35 | B41: CO018 | C41: 20 | D41: Sup't | E41: Angle 75x75x5 | F41: Angle | G41: 75x75x5 | H41: M | I41: 40 | J41: =SUMIFS('POR Control Log-income'!L:L,'POR Control Log-income'!F:F,본공사입.출고현황!B41) -> 40 | K41: =I41-J41 -> 0 | M41: =SUMIFS('POR Control Log-income'!L:L,'POR Control Log-income'!F:F,본공사입.출고현황!B41) -> 40 | N41: =J41-M41 -> 0 | O41: =M41 -> 40 | P41: =SUMIFS('POR Control Log-out'!L:L,'POR Control Log-out'!D:D,본공사입.출고현황!B41) -> 35 | R41: 5 | S41: =O41-Q41-R41-P41 -> 0 | V41: Angle | W41: 75x75x5 | X41: M | AG41: =BM41-S41 -> 0 | AM41: 0 | AN41: 0 | AO41: 0 | AP41: 0 | AQ41: 0 | AR41: 0 | AS41: 0 | AT41: 0 | AU41: 0 | AV41: 0 | AW41: 0 | AX41: 0 | AY41: 0 | AZ41: 0 | BA41: 0 | BB41: 0 | BD41: 0 | BE41: 0 | BF41: 0 | BG41: 0 | BH41: 0 | BI41: 0 | BJ41: 0 | BK41: 0 | BL41: 0 | BM41: 0 | BN41: 0 | BO41: 0 | BP41: 0 | BQ41: 0 | BR41: 0 | BS41: 0 | BT41: 0 | BU41: 0 | BV41: 0 | BW41: 0 | BX41: =BW41-BY41 -> 0
A42: 36 | B42: CO019a | C42: 21 | D42: Paint | E42: JOTUN Pipe Primer Paint (A) | F42: Paint | G42: 16L | H42: CAN | I42: 23 | J42: =SUMIFS('POR Control Log-income'!L:L,'POR Control Log-income'!F:F,본공사입.출고현황!B42) -> 6 | K42: =I42-J42 -> 17 | L42: 1 | M42: =SUMIFS('POR Control Log-income'!L:L,'POR Control Log-income'!F:F,본공사입.출고현황!B42) -> 6 | N42: =J42-M42 -> 0 | O42: =M42 -> 6 | P42: =SUMIFS('POR Control Log-out'!L:L,'POR Control Log-out'!D:D,본공사입.출고현황!B42) -> 5 | S42: =O42-Q42-R42-P42 -> 1 | V42: Paint | W42: 16L | X42: CAN | AG42: =BM42-S42 -> 1 | AM42: 0 | AN42: 0 | AO42: 0 | AP42: 0 | AQ42: 1 | AR42: 1 | AS42: 1 | AT42: 1 | AU42: 1 | AV42: 1 | AW42: 1 | AX42: 1 | AY42: 1 | AZ42: 1 | BA42: 1 | BB42: 1 | BC42: 1 | BD42: 1 | BE42: 1 | BF42: 1 | BG42: 1 | BH42: 1 | BI42: 1 | BJ42: 1 | BK42: 2 | BL42: 2 | BM42: 2 | BN42: 2 | BO42: 2 | BP42: 2 | BQ42: 2 | BR42: 2 | BS42: 2 | BT42: 2 | BU42: 2 | BV42: 2 | BW42: 1 | BX42: =BW42-BY42 -> 1
A43: 36 | B43: CO019b | C43: 22 | D43: Paint | E43: JOTUN Pipe Primer Paint (B) | F43: Paint | G43: 4L | H43: CAN | I43: 23 | J43: =SUMIFS('POR Control Log-income'!L:L,'POR Control Log-income'!F:F,본공사입.출고현황!B43) -> 6 | K43: =I43-J43 -> 17 | L43: 1 | M43: =SUMIFS('POR Control Log-income'!L:L,'POR Control Log-income'!F:F,본공사입.출고현황!B43) -> 6 | N43: =J43-M43 -> 0 | O43: =M43 -> 6 | P43: =SUMIFS('POR Control Log-out'!L:L,'POR Control Log-out'!D:D,본공사입.출고현황!B43) -> 5 | S43: =O43-Q43-R43-P43 -> 1 | V43: Paint | W43: 4L | X43: CAN | AG43: =BM43-S43 -> 1 | AM43: 0 | AN43: 0 | AO43: 0 | AP43: 0 | AQ43: 1 | AR43: 1 | AS43: 1 | AT43: 1 | AU43: 1 | AV43: 1 | AW43: 1 | AX43: 1 | AY43: 1 | AZ43: 1 | BA43: 1 | BB43: 1 | BC43: 1 | BD43: 1 | BE43: 1 | BF43: 1 | BG43: 1 | BH43: 1 | BI43: 1 | BJ43: 1 | BK43: 2 | BL43: 2 | BM43: 2 | BN43: 2 | BO43: 2 | BP43: 2 | BQ43: 2 | BR43: 2 | BS43: 2 | BT43: 2 | BU43: 2 | BV43: 2 | BW43: 1 | BX43: =BW43-BY43 -> 1
A44: 37 | B44: CO020 | C44: 23 | D44: Paint | E44: JOTUN Pipe Top-coated Paint | F44: Paint | G44: 20L | H44: CAN | I44: 21 | J44: =SUMIFS('POR Control Log-income'!L:L,'POR Control Log-income'!F:F,본공사입.출고현황!B44) -> 0 | K44: =I44-J44 -> 21 | L44: 1 | M44: =SUMIFS('POR Control Log-income'!L:L,'POR Control Log-income'!F:F,본공사입.출고현황!B44) -> 0 | N44: =J44-M44 -> 0 | O44: =M44 -> 0 | P44: =SUMIFS('POR Control Log-out'!L:L,'POR Control Log-out'!D:D,본공사입.출고현황!B44) -> 0 | S44: =O44-Q44-R44-P44 -> 0 | V44: Paint | W44: 20L | X44: CAN | AG44: =BM44-S44 -> 0 | AM44: 0 | AN44: 0 | AO44: 0 | AP44: 0 | AQ44: 0 | AR44: 0 | AS44: 0 | AT44: 0 | AU44: 0 | AV44: 0 | AW44: 0 | AX44: 0 | AY44: 0 | AZ44: 0 | BA44: 0 | BB44: 0 | BD44: 0 | BE44: 0 | BF44: 0 | BG44: 0 | BH44: 0 | BI44: 0 | BJ44: 0 | BK44: 0 | BL44: 0 | BM44: 0 | BN44: 0 | BO44: 0 | BP44: 0 | BQ44: 0 | BR44: 0 | BS44: 0 | BT44: 0 | BU44: 0 | BV44: 0 | BW44: 0 | BX44: =BW44-BY44 -> 0
A45: 38 | B45: CO021 | C45: 24 | D45: Paint | E45: JOTUN Thinner | F45: Paint | G45: 20L | H45: CAN | I45: 21 | J45: =SUMIFS('POR Control Log-income'!L:L,'POR Control Log-income'!F:F,본공사입.출고현황!B45) -> 2 | K45: =I45-J45 -> 19 | L45: 1 | M45: =SUMIFS('POR Control Log-income'!L:L,'POR Control Log-income'!F:F,본공사입.출고현황!B45) -> 2 | N45: =J45-M45 -> 0 | O45: =M45 -> 2 | P45: =SUMIFS('POR Control Log-out'!L:L,'POR Control Log-out'!D:D,본공사입.출고현황!B45) -> 1 | S45: =O45-Q45-R45-P45 -> 1 | V45: Thinner | W45: 20L | X45: CAN | AG45: =BM45-S45 -> 0 | AM45: 0 | AN45: 0 | AO45: 0 | AP45: 0 | AQ45: 1 | AR45: 1 | AS45: 1 | AT45: 1 | AU45: 1 | AV45: 1 | AW45: 1 | AX45: 1 | AY45: 1 | AZ45: 1 | BA45: 1 | BB45: 1 | BC45: 1 | BD45: 1 | BE45: 1 | BF45: 1 | BG45: 1 | BH45: 1 | BI45: 1 | BJ45: 1 | BK45: 1 | BL45: 1 | BM45: 1 | BN45: 1 | BO45: 1 | BP45: 1 | BQ45: 1 | BR45: 1 | BS45: 1 | BT45: 1 | BU45: 1 | BV45: 1 | BW45: 1 | BX45: =BW45-BY45 -> 1
A46: 39 | C46: C | E46: CCGG | J46: =SUMIFS('POR Control Log-income'!L:L,'POR Control Log-income'!F:F,본공사입.출고현황!B46) -> 0 | M46: =SUMIFS('POR Control Log-income'!L:L,'POR Control Log-income'!F:F,본공사입.출고현황!B46) -> 0 | N46: =J46-M46 -> 0 | AG46: =BM46-S46 -> 0 | AM46: 0 | AN46: 0 | AO46: 0 | AP46: 0 | AQ46: 0 | AS46: 0 | AT46: 0 | AU46: 0 | AV46: 0 | AW46: 0 | AX46: 0 | AY46: 0 | AZ46: 0 | BA46: 0 | BB46: 0 | BD46: 0 | BE46: 0 | BF46: 0 | BG46: 0 | BH46: 0 | BI46: 0 | BJ46: 0 | BK46: 0 | BL46: 0 | BM46: 0 | BN46: 0 | BO46: 0 | BP46: 0 | BQ46: 0 | BR46: 0 | BS46: 0 | BT46: 0 | BU46: 0 | BV46: 0 | BX46: =BW46-BY46 -> 0
A47: 40 | B47: CG001 | C47: 1 | D47: Steel round bar | E47: Steel round bar(rebar) | F47: CCGG | G47: ф10, 1ton=1,620.7m | H47: M | I47: 156805.25 | J47: =SUMIFS('POR Control Log-income'!L:L,'POR Control Log-income'!F:F,본공사입.출고현황!B47) -> 111445.25 | K47: =I47-J47 -> 45360 | M47: =SUMIFS('POR Control Log-income'!L:L,'POR Control Log-income'!F:F,본공사입.출고현황!B47) -> 111445.25 | N47: =J47-M47 -> 0 | O47: =M47 -> 111445.25 | P47: =SUMIFS('POR Control Log-out'!L:L,'POR Control Log-out'!D:D,본공사입.출고현황!B47) -> 100172.6 | Q47: 800 | R47: =1796.833+20 -> 1816.833 | S47: =O47-Q47-R47-P47 -> 8655.817 | T47: 1 ton=1620.7 | U47: 1Roll=3130m | V47: Steel round bar(rebar) | W47: ф10 | X47: M | Y47: O | AG47: =BM47-S47 -> -2473.817 | AI47: 4390 | AJ47: 3239 | AK47: 3241.4 | AL47: 2608 | AM47: 1180 | AN47: 4062 | AO47: 2852 | AP47: 2002 | AQ47: 1362 | AR47: 6952.8 | AS47: 5322.8 | AT47: 4962.8 | AU47: 3612.8 | AV47: 2742.8 | AW47: 1322.8 | AX47: 6580.6 | AY47: 5680.6 | AZ47: 4980.6 | BA47: 3430.6 | BB47: 2730.6 | BC47: 6553.4 | BD47: =5710.4-500 -> 5210.4 | BE47: 5010.4 | BF47: 2090 | BG47: 1905 | BH47: 7500 | BI47: 5525 | BJ47: 4450 | BK47: 2879 | BL47: 7924 | BM47: 6182 | BN47: 4971 | BO47: 6981 | BP47: 5821 | BQ47: 2966 | BR47: 6748 | BS47: 3180 | BT47: 6280 | BU47: 4093 | BV47: 878 | BW47: 15010.217 | BX47: =BW47-BY47 -> 12620.217 | BY47: 2390
A48: 41 | B48: CG002 | C48: 2 | D48: Angle | E48: Angle 100x100x10 | F48: CCGG | G48: 100x100x10 (12m) | H48: M | I48: =1212+540+540+840 -> 3132 | J48: =SUMIFS('POR Control Log-income'!L:L,'POR Control Log-income'!F:F,본공사입.출고현황!B48) -> 1200 | K48: =I48-J48 -> 1932 | M48: =SUMIFS('POR Control Log-income'!L:L,'POR Control Log-income'!F:F,본공사입.출고현황!B48) -> 1200 | N48: =J48-M48 -> 0 | O48: =M48 -> 1200 | P48: =SUMIFS('POR Control Log-out'!L:L,'POR Control Log-out'!D:D,본공사입.출고현황!B48) -> 927 | Q48: 3.5 | R48: 19.5 | S48: =O48-Q48-R48-P48 -> 250 | U48: 1EA=12m | V48: Angle | W48: 100x100x10 (12m) | X48: M | Y48: O | AA48: 1/8, 14*6=84m | AG48: =BM48-S48 -> 315 | AI48: 408 | AJ48: 408 | AK48: 378 | AL48: 378 | AM48: 378 | AN48: 354 | AO48: 342 | AP48: 330 | AQ48: 312 | AR48: 240 | AS48: 240 | AT48: 228 | AU48: =228-12 -> 216 | AV48: 198 | AW48: 156 | AX48: 126 | AY48: 126 | AZ48: 126 | BA48: 114 | BB48: 90 | BC48: 78 | BD48: 618 | BE48: 612 | BF48: 576 | BG48: 576 | BH48: 576 | BI48: 572 | BJ48: 572 | BK48: 571 | BL48: 571 | BM48: 565 | BN48: 564 | BO48: 558 | BP48: 549.5 | BQ48: 549.5 | BR48: 549.5 | BS48: 549.5 | BT48: 450 | BU48: 450 | BV48: 420 | BW48: 267.02 | BX48: =BW48-BY48 -> 267.02
A49: 42 | B49: CG003 | C49: 3 | D49: Plate | E49: Carbon Plate 1000x6000x8 | F49: CCGG | G49: 1000x6000x8 | H49: PCS | I49: 10 | J49: =SUMIFS('POR Control Log-income'!L:L,'POR Control Log-income'!F:F,본공사입.출고현황!B49) -> 1 | K49: =I49-J49 -> 9 | M49: =SUMIFS('POR Control Log-income'!L:L,'POR Control Log-income'!F:F,본공사입.출고현황!B49) -> 1 | N49: =J49-M49 -> 0 | O49: =M49 -> 1 | P49: =SUMIFS('POR Control Log-out'!L:L,'POR Control Log-out'!D:D,본공사입.출고현황!B49) -> 0.8 | Q49: 0 | R49: 0 | S49: =O49-Q49-R49-P49 -> 0.2 | V49: Plate | W49: 1000x6000x8 | X49: PCS | Y49: O | AA49: 1/8, 14*6=84m | AG49: =BM49-S49 -> -0.2 | AI49: 408 | AJ49: 408 | AK49: 378 | AL49: 378 | AM49: 378 | AN49: 354 | AO49: 342 | AP49: 330 | AQ49: 312 | AR49: 240 | AS49: 240 | AT49: 228 | AU49: =228-12 -> 216 | AV49: 198 | AW49: 156 | AX49: 126 | AY49: 126 | AZ49: 126 | BA49: 114 | BB49: 90 | BC49: 78 | BW49: 1 | BX49: =BW49-BY49 -> 1
A50: 42 | B50: CG004 | C50: 4 | D50: Plate | E50: Carbon Plate 1500x6000x10 | F50: CCGG | G50: 1500x6000x10 | H50: PCS | I50: 1 | J50: =SUMIFS('POR Control Log-income'!L:L,'POR Control Log-income'!F:F,본공사입.출고현황!B50) -> 1 | K50: =I50-J50 -> 0 | M50: =SUMIFS('POR Control Log-income'!L:L,'POR Control Log-income'!F:F,본공사입.출고현황!B50) -> 1 | N50: =J50-M50 -> 0 | O50: =M50 -> 1 | P50: =SUMIFS('POR Control Log-out'!L:L,'POR Control Log-out'!D:D,본공사입.출고현황!B50) -> 0 | Q50: 0 | R50: 0 | S50: =O50-Q50-R50-P50 -> 1 | V50: Plate | W50: 1500x6000x10 | X50: PCS | Y50: O | AA50: 1/8, 14*6=84m | AG50: =BM50-S50 -> -1 | AI50: 408 | AJ50: 408 | AK50: 378 | AL50: 378 | AM50: 378 | AN50: 354 | AO50: 342 | AP50: 330 | AQ50: 312 | AR50: 240 | AS50: 240 | AT50: 228 | AU50: =228-12 -> 216 | AV50: 198 | AW50: 156 | AX50: 126 | AY50: 126 | AZ50: 126 | BA50: 114 | BB50: 90 | BC50: 78 | BW50: 1 | BX50: =BW50-BY50 -> 1
AG51: =BB51-S51 -> 0
B52: 1 | C52: 2 | D52: 3 | E52: 4 | F52: 5 | G52: 6 | H52: 7 | I52: 8 | J52: 9 | K52: 10 | L52: 11 | M52: 12 | N52: 13 | O52: 14 | P52: 15 | Q52: 16 | R52: 17 | S52: 18 | T52: 19 | U52: 20 | V52: 21 | W52: 22 | X52: 23
R56: 9100

Sheet POR Control Log-income
B1: POR CONTROL LOG - Income
B2: 【Project : El-Dabaa Nuclear Power Plant (ENPP) #1 to 4】 | J2: from Doosan to Daesun
B3: No | C3: RSI No | D3: POR | E3: Date | F3: Material No. | G3: Sortation | H3: Items / Services | I3: Applicable Code & Standards | J3: Size | K3: Unit | L3: Q'TY | M3: Remarks
F5: GR001 | G5: =IFERROR(VLOOKUP($F5,본공사입.출고현황!$B:$H,G$182,0),0) -> Ground | H5: =IFERROR(VLOOKUP($F5,본공사입.출고현황!$B:$H,H$182,0),0) -> Ground Cable 78SQ | I5: =IFERROR(VLOOKUP($F5,본공사입.출고현황!$B:$H,I$182,0),0) -> Ground Cable | J5: =IFERROR(VLOOKUP($F5,본공사입.출고현황!$B:$H,J$182,0),0) -> 78SQ | K5: =IFERROR(VLOOKUP($F5,본공사입.출고현황!$B:$H,K$182,0),0) -> M | L5: 6200 | M5: 이전RSI 화인후 수정
F6: GR002 | G6: =IFERROR(VLOOKUP($F6,본공사입.출고현황!$B:$H,G$182,0),0) -> Ground | H6: =IFERROR(VLOOKUP($F6,본공사입.출고현황!$B:$H,H$182,0),0) -> Ground Cable 70SQ | I6: =IFERROR(VLOOKUP($F6,본공사입.출고현황!$B:$H,I$182,0),0) -> Ground Cable | J6: =IFERROR(VLOOKUP($F6,본공사입.출고현황!$B:$H,J$182,0),0) -> 70SQ | K6: =IFERROR(VLOOKUP($F6,본공사입.출고현황!$B:$H,K$182,0),0) -> M | L6: 0 | M6: 이전RSI 화인후 수정
F7: GR003 | G7: =IFERROR(VLOOKUP($F7,본공사입.출고현황!$B:$H,G$182,0),0) -> Ground Fitting | H7: =IFERROR(VLOOKUP($F7,본공사입.출고현황!$B:$H,H$182,0),0) -> Ground TERMINAL LUG 70mm2 | I7: =IFERROR(VLOOKUP($F7,본공사입.출고현황!$B:$H,I$182,0),0) -> Terminal Lug | J7: =IFERROR(VLOOKUP($F7,본공사입.출고현황!$B:$H,J$182,0),0) -> 70mm2 | K7: =IFERROR(VLOOKUP($F7,본공사입.출고현황!$B:$H,K$182,0),0) -> EA | L7: 0 | M7: 이전RSI 화인후 수정
F8: GR004 | G8: =IFERROR(VLOOKUP($F8,본공사입.출고현황!$B:$H,G$182,0),0) -> Ground | H8: =IFERROR(VLOOKUP($F8,본공사입.출고현황!$B:$H,H$182,0),0) -> Cadweld Powder #90 | I8: =IFERROR(VLOOKUP($F8,본공사입.출고현황!$B:$H,I$182,0),0) -> Cadweld Powder | J8: =IFERROR(VLOOKUP($F8,본공사입.출고현황!$B:$H,J$182,0),0) -> #90 | K8: =IFERROR(VLOOKUP($F8,본공사입.출고현황!$B:$H,K$182,0),0) -> EA | L8: 0 | M8: 이전RSI 화인후 수정
F9: GR005 | G9: =IFERROR(VLOOKUP($F9,본공사입.출고현황!$B:$H,G$182,0),0) -> Ground | H9: =IFERROR(VLOOKUP($F9,본공사입.출고현황!$B:$H,H$182,0),0) -> Cadweld Powder #115 | I9: =IFERROR(VLOOKUP($F9,본공사입.출고현황!$B:$H,I$182,0),0) -> Cadweld Powder | J9: =IFERROR(VLOOKUP($F9,본공사입.출고현황!$B:$H,J$182,0),0) -> #115 | K9: =IFERROR(VLOOKUP($F9,본공사입.출고현황!$B:$H,K$182,0),0) -> EA | L9: 0 | M9: 이전RSI 화인후 수정
F10: GR006 | G10: =IFERROR(VLOOKUP($F10,본공사입.출고현황!$B:$H,G$182,0),0) -> Ground | H10: =IFERROR(VLOOKUP($F10,본공사입.출고현황!$B:$H,H$182,0),0) -> Cadweld Powder #150 | I10: =IFERROR(VLOOKUP($F10,본공사입.출고현황!$B:$H,I$182,0),0) -> Cadweld Powder | J10: =IFERROR(VLOOKUP($F10,본공사입.출고현황!$B:$H,J$182,0),0) -> #150 | K10: =IFERROR(VLOOKUP($F10,본공사입.출고현황!$B:$H,K$182,0),0) -> EA | L10: 0 | M10: 이전RSI 화인후 수정
F11: GR007 | G11: =IFERROR(VLOOKUP($F11,본공사입.출고현황!$B:$H,G$182,0),0) -> Ground | H11: =IFERROR(VLOOKUP($F11,본공사입.출고현황!$B:$H,H$182,0),0) -> Cadweld Powder #200 | I11: =IFERROR(VLOOKUP($F11,본공사입.출고현황!$B:$H,I$182,0),0) -> Cadweld Powder | J11: =IFERROR(VLOOKUP($F11,본공사입.출고현황!$B:$H,J$182,0),0) -> #200 | K11: =IFERROR(VLOOKUP($F11,본공사입.출고현황!$B:$H,K$182,0),0) -> EA | L11: 232 | M11: 이전RSI 화인후 수정
F12: GR008 | G12: =IFERROR(VLOOKUP($F12,본공사입.출고현황!$B:$H,G$182,0),0) -> Ground | H12: =IFERROR(VLOOKUP($F12,본공사입.출고현황!$B:$H,H$182,0),0) -> Cadweld XBQ-Y4Y4 | I12: =IFERROR(VLOOKUP($F12,본공사입.출고현황!$B:$H,I$182,0),0) -> Welding Mold | J12: =IFERROR(VLOOKUP($F12,본공사입.출고현황!$B:$H,J$182,0),0) -> Cross (+) | K12: =IFERROR(VLOOKUP($F12,본공사입.출고현황!$B:$H,K$182,0),0) -> EA | L12: 0 | M12: 이전RSI 화인후 수정
F13: GR009 | G13: =IFERROR(VLOOKUP($F13,본공사입.출고현황!$B:$H,G$182,0),0) -> Ground | H13: =IFERROR(VLOOKUP($F13,본공사입.출고현황!$B:$H,H$182,0),0) -> Cadweld PGC-Y4Y4 | I13: =IFERROR(VLOOKUP($F13,본공사입.출고현황!$B:$H,I$182,0),0) -> Welding Mold | J13: =IFERROR(VLOOKUP($F13,본공사입.출고현황!$B:$H,J$182,0),0) -> Parallel (=) | K13: =IFERROR(VLOOKUP($F13,본공사입.출고현황!$B:$H,K$182,0),0) -> EA | L13: 0 | M13: 이전RSI 화인후 수정
F14: GR010 | G14: =IFERROR(VLOOKUP($F14,본공사입.출고현황!$B:$H,G$182,0),0) -> Ground | H14: =IFERROR(VLOOKUP($F14,본공사입.출고현황!$B:$H,H$182,0),0) -> Cadweld TAC-Y4Y4 | I14: =IFERROR(VLOOKUP($F14,본공사입.출고현황!$B:$H,I$182,0),0) -> Welding Mold | J14: =IFERROR(VLOOKUP($F14,본공사입.출고현황!$B:$H,J$182,0),0) -> Cross (T) | K14: =IFERROR(VLOOKUP($F14,본공사입.출고현황!$B:$H,K$182,0),0) -> EA | L14: 0 | M14: 이전RSI 화인후 수정
F15: GR011 | G15: =IFERROR(VLOOKUP($F15,본공사입.출고현황!$B:$H,G$182,0),0) -> Ground | H15: =IFERROR(VLOOKUP($F15,본공사입.출고현황!$B:$H,H$182,0),0) -> Zinc Spray | I15: =IFERROR(VLOOKUP($F15,본공사입.출고현황!$B:$H,I$182,0),0) -> Zinc Spray | J15: =IFERROR(VLOOKUP($F15,본공사입.출고현황!$B:$H,J$182,0),0) -> 0 | K15: =IFERROR(VLOOKUP($F15,본공사입.출고현황!$B:$H,K$182,0),0) -> EA | L15: -30 | M15: 이전RSI 화인후 수정
F16: GR012 | G16: =IFERROR(VLOOKUP($F16,본공사입.출고현황!$B:$H,G$182,0),0) -> Miscellious | H16: =IFERROR(VLOOKUP($F16,본공사입.출고현황!$B:$H,H$182,0),0) -> Nicoband | I16: =IFERROR(VLOOKUP($F16,본공사입.출고현황!$B:$H,I$182,0),0) -> Nicoband | J16: =IFERROR(VLOOKUP($F16,본공사입.출고현황!$B:$H,J$182,0),0) -> 10m x 15cm | K16: =IFERROR(VLOOKUP($F16,본공사입.출고현황!$B:$H,K$182,0),0) -> EA | L16: 0 | M16: 이전RSI 화인후 수정
... F36: CO020 | G36: =IFERROR(VLOOKUP($F36,본공사입.출고현황!$B:$H,G$182,0),0) -> Paint | H36: =IFERROR(VLOOKUP($F36,본공사입.출고현황!$B:$H,H$182,0),0) -> JOTUN Pipe Top-coated Paint | I36: =IFERROR(VLOOKUP($F36,본공사입.출고현황!$B:$H,I$182,0),0) -> Paint | J36: =IFERROR(VLOOKUP($F36,본공사입.출고현황!$B:$H,J$182,0),0) -> 20L | K36: =IFERROR(VLOOKUP($F36,본공사입.출고현황!$B:$H,K$182,0),0) -> CAN | L36: 0 | M36: 이전RSI 화인후 수정
F37: CG001 | G37: =IFERROR(VLOOKUP($F37,본공사입.출고현황!$B:$H,G$182,0),0) -> Steel round bar | H37: Round wire 10Ø | I37: =IFERROR(VLOOKUP($F37,본공사입.출고현황!$B:$H,I$182,0),0) -> CCGG | J37: =IFERROR(VLOOKUP($F37,본공사입.출고현황!$B:$H,J$182,0),0) -> ф10, 1ton=1,620.7m | K37: =IFERROR(VLOOKUP($F37,본공사입.출고현황!$B:$H,K$182,0),0) -> M | L37: 4755.6 | M37: 이전RSI 화인후 수정 | P37: 12893.6 | Q37: =L37-P37 -> -8138
F38: CG002 | G38: =IFERROR(VLOOKUP($F38,본공사입.출고현황!$B:$H,G$182,0),0) -> Angle | H38: Angle 100x100x10 | I38: =IFERROR(VLOOKUP($F38,본공사입.출고현황!$B:$H,I$182,0),0) -> CCGG | J38: =IFERROR(VLOOKUP($F38,본공사입.출고현황!$B:$H,J$182,0),0) -> 100x100x10 (12m) | K38: =IFERROR(VLOOKUP($F38,본공사입.출고현황!$B:$H,K$182,0),0) -> M | M38: 이전RSI 화인후 수정
A39: 1 | B39: 1 | C39: 수기 | E39: 45340 | F39: CO007 | G39: =IFERROR(VLOOKUP($F39,본공사입.출고현황!$B:$H,G$182,0),0) -> Conduit | H39: =IFERROR(VLOOKUP($F39,본공사입.출고현황!$B:$H,H$182,0),0) -> Conduit 108x4.0 | I39: =IFERROR(VLOOKUP($F39,본공사입.출고현황!$B:$H,I$182,0),0) -> Conduit | J39: =IFERROR(VLOOKUP($F39,본공사입.출고현황!$B:$H,J$182,0),0) -> 108x4 | K39: =IFERROR(VLOOKUP($F39,본공사입.출고현황!$B:$H,K$182,0),0) -> M | L39: 2635.22
A40: 2 | B40: 2 | C40: 수기 | E40: 45340 | F40: CO004 | G40: =IFERROR(VLOOKUP($F40,본공사입.출고현황!$B:$H,G$182,0),0) -> Conduit | H40: =IFERROR(VLOOKUP($F40,본공사입.출고현황!$B:$H,H$182,0),0) -> Conduit 159x4.5 | I40: =IFERROR(VLOOKUP($F40,본공사입.출고현황!$B:$H,I$182,0),0) -> Conduit | J40: =IFERROR(VLOOKUP($F40,본공사입.출고현황!$B:$H,J$182,0),0) -> 159x4.5 | K40: =IFERROR(VLOOKUP($F40,본공사입.출고현황!$B:$H,K$182,0),0) -> M | L40: 596.31
A41: 3 | B41: 3 | C41: 수기 | E41: 45340 | F41: CO012 | G41: =IFERROR(VLOOKUP($F41,본공사입.출고현황!$B:$H,G$182,0),0) -> Conduit Fitting | H41: =IFERROR(VLOOKUP($F41,본공사입.출고현황!$B:$H,H$182,0),0) -> Conduit Coupling 121x5 | I41: =IFERROR(VLOOKUP($F41,본공사입.출고현황!$B:$H,I$182,0),0) -> Conduit Coupling | J41: =IFERROR(VLOOKUP($F41,본공사입.출고현황!$B:$H,J$182,0),0) -> 121x5 | K41: =IFERROR(VLOOKUP($F41,본공사입.출고현황!$B:$H,K$182,0),0) -> M | L41: 17.12
A42: 4 | B42: 4 | C42: 수기 | E42: 45340 | F42: CO009 | G42: =IFERROR(VLOOKUP($F42,본공사입.출고현황!$B:$H,G$182,0),0) -> Conduit Fitting | H42: =IFERROR(VLOOKUP($F42,본공사입.출고현황!$B:$H,H$182,0),0) -> Conduit Coupling 168x4 | I42: =IFERROR(VLOOKUP($F42,본공사입.출고현황!$B:$H,I$182,0),0) -> Conduit Coupling | J42: =IFERROR(VLOOKUP($F42,본공사입.출고현황!$B:$H,J$182,0),0) -> 168x4 | K42: =IFERROR(VLOOKUP($F42,본공사입.출고현황!$B:$H,K$182,0),0) -> M | L42: 20
A43: 5 | B43: 5 | C43: 수기 | E43: 45340 | F43: CO016 | G43: =IFERROR(VLOOKUP($F43,본공사입.출고현황!$B:$H,G$182,0),0) -> Sup't | H43: =IFERROR(VLOOKUP($F43,본공사입.출고현황!$B:$H,H$182,0),0) -> Angle 50x50x5 | I43: =IFERROR(VLOOKUP($F43,본공사입.출고현황!$B:$H,I$182,0),0) -> Angle | J43: =IFERROR(VLOOKUP($F43,본공사입.출고현황!$B:$H,J$182,0),0) -> 50*50*5 | K43: =IFERROR(VLOOKUP($F43,본공사입.출고현황!$B:$H,K$182,0),0) -> M | L43: 200
A44: 6 | B44: 6 | C44: 수기 | E44: 45340 | F44: CO017 | G44: =IFERROR(VLOOKUP($F44,본공사입.출고현황!$B:$H,G$182,0),0) -> Sup't | H44: =IFERROR(VLOOKUP($F44,본공사입.출고현황!$B:$H,H$182,0),0) -> Angle 70x70x7 | I44: =IFERROR(VLOOKUP($F44,본공사입.출고현황!$B:$H,I$182,0),0) -> Angle | J44: =IFERROR(VLOOKUP($F44,본공사입.출고현황!$B:$H,J$182,0),0) -> 70*70*7 | K44: =IFERROR(VLOOKUP($F44,본공사입.출고현황!$B:$H,K$182,0),0) -> M | L44: 40
A45: 7 | B45: 7 | C45: 수기 | E45: 45348 | F45: CO016 | G45: =IFERROR(VLOOKUP($F45,본공사입.출고현황!$B:$H,G$182,0),0) -> Sup't | H45: =IFERROR(VLOOKUP($F45,본공사입.출고현황!$B:$H,H$182,0),0) -> Angle 50x50x5 | I45: =IFERROR(VLOOKUP($F45,본공사입.출고현황!$B:$H,I$182,0),0) -> Angle | J45: =IFERROR(VLOOKUP($F45,본공사입.출고현황!$B:$H,J$182,0),0) -> 50*50*5 | K45: =IFERROR(VLOOKUP($F45,본공사입.출고현황!$B:$H,K$182,0),0) -> M | L45: 384
A46: 8 | B46: 8 | C46: 수기 | E46: 45344 | F46: CO013 | G46: =IFERROR(VLOOKUP($F46,본공사입.출고현황!$B:$H,G$182,0),0) -> Conduit Fitting | H46: =IFERROR(VLOOKUP($F46,본공사입.출고현황!$B:$H,H$182,0),0) -> Conduit Coupling 121x5 | I46: =IFERROR(VLOOKUP($F46,본공사입.출고현황!$B:$H,I$182,0),0) -> Conduit Coupling | J46: =IFERROR(VLOOKUP($F46,본공사입.출고현황!$B:$H,J$182,0),0) -> 121x5 | K46: =IFERROR(VLOOKUP($F46,본공사입.출고현황!$B:$H,K$182,0),0) -> EA | L46: 20
A47: 9 | B47: 9 | C47: 수기 | E47: 45344 | F47: CO010 | G47: =IFERROR(VLOOKUP($F47,본공사입.출고현황!$B:$H,G$182,0),0) -> Conduit Fitting | H47: =IFERROR(VLOOKUP($F47,본공사입.출고현황!$B:$H,H$182,0),0) -> Conduit Coupling 168x4 | I47: =IFERROR(VLOOKUP($F47,본공사입.출고현황!$B:$H,I$182,0),0) -> Conduit Coupling | J47: =IFERROR(VLOOKUP($F47,본공사입.출고현황!$B:$H,J$182,0),0) -> 168x4 | K47: =IFERROR(VLOOKUP($F47,본공사입.출고현황!$B:$H,K$182,0),0) -> EA | L47: 20
A48: 10 | B48: 10 | C48: 수기 | E48: 45364 | F48: CO013 | G48: =IFERROR(VLOOKUP($F48,본공사입.출고현황!$B:$H,G$182,0),0) -> Conduit Fitting | H48: =IFERROR(VLOOKUP($F48,본공사입.출고현황!$B:$H,H$182,0),0) -> Conduit Coupling 121x5 | I48: =IFERROR(VLOOKUP($F48,본공사입.출고현황!$B:$H,I$182,0),0) -> Conduit Coupling | J48: =IFERROR(VLOOKUP($F48,본공사입.출고현황!$B:$H,J$182,0),0) -> 121x5 | K48: =IFERROR(VLOOKUP($F48,본공사입.출고현황!$B:$H,K$182,0),0) -> EA | L48: 30
A49: 11 | B49: 11 | C49: 수기 | E49: 45364 | F49: CO010 | G49: =IFERROR(VLOOKUP($F49,본공사입.출고현황!$B:$H,G$182,0),0) -> Conduit Fitting | H49: =IFERROR(VLOOKUP($F49,본공사입.출고현황!$B:$H,H$182,0),0) -> Conduit Coupling 168x4 | I49: =IFERROR(VLOOKUP($F49,본공사입.출고현황!$B:$H,I$182,0),0) -> Conduit Coupling | J49: =IFERROR(VLOOKUP($F49,본공사입.출고현황!$B:$H,J$182,0),0) -> 168x4 | K49: =IFERROR(VLOOKUP($F49,본공사입.출고현황!$B:$H,K$182,0),0) -> EA | L49: 20
A50: 12 | B50: 12 | C50: 수기 | E50: 45371 | F50: GR005 | G50: =IFERROR(VLOOKUP($F50,본공사입.출고현황!$B:$H,G$182,0),0) -> Ground | H50: =IFERROR(VLOOKUP($F50,본공사입.출고현황!$B:$H,H$182,0),0) -> Cadweld Powder #115 | I50: =IFERROR(VLOOKUP($F50,본공사입.출고현황!$B:$H,I$182,0),0) -> Cadweld Powder | J50: =IFERROR(VLOOKUP($F50,본공사입.출고현황!$B:$H,J$182,0),0) -> #115 | K50: =IFERROR(VLOOKUP($F50,본공사입.출고현황!$B:$H,K$182,0),0) -> EA | L50: 21
... A73: 35 | B73: 35 | C73: 수기 | E73: 45449 | F73: CO002 | G73: =IFERROR(VLOOKUP($F73,본공사입.출고현황!$B:$H,G$182,0),0) -> Conduit | H73: =IFERROR(VLOOKUP($F73,본공사입.출고현황!$B:$H,H$182,0),0) -> Conduit (Galvanized) Ts-80x4 | I73: =IFERROR(VLOOKUP($F73,본공사입.출고현황!$B:$H,I$182,0),0) -> Conduit (Galvanized) | J73: =IFERROR(VLOOKUP($F73,본공사입.출고현황!$B:$H,J$182,0),0) -> 88x4 | K73: =IFERROR(VLOOKUP($F73,본공사입.출고현황!$B:$H,K$182,0),0) -> M | L73: 252
A74: 36 | B74: 36 | C74: 수기 | D74: 9-072-D-450-1020-E /9-072-D-450-1018-E | E74: 45467 | F74: GR014 | G74: =IFERROR(VLOOKUP($F74,본공사입.출고현황!$B:$H,G$182,0),0) -> PVC PIPE | H74: =IFERROR(VLOOKUP($F74,본공사입.출고현황!$B:$H,H$182,0),0) -> PVC Flexible Pipe ф 20 | I74: =IFERROR(VLOOKUP($F74,본공사입.출고현황!$B:$H,I$182,0),0) -> PVC PIPE | J74: =IFERROR(VLOOKUP($F74,본공사입.출고현황!$B:$H,J$182,0),0) -> ф20 | K74: =IFERROR(VLOOKUP($F74,본공사입.출고현황!$B:$H,K$182,0),0) -> M | L74: 140
A75: 37 | B75: 37 | C75: 수기 | E75: 45449 | F75: GR003 | G75: =IFERROR(VLOOKUP($F75,본공사입.출고현황!$B:$H,G$182,0),0) -> Ground Fitting | H75: =IFERROR(VLOOKUP($F75,본공사입.출고현황!$B:$H,H$182,0),0) -> Ground TERMINAL LUG 70mm2 | I75: =IFERROR(VLOOKUP($F75,본공사입.출고현황!$B:$H,I$182,0),0) -> Terminal Lug | J75: =IFERROR(VLOOKUP($F75,본공사입.출고현황!$B:$H,J$182,0),0) -> 70mm2 | K75: =IFERROR(VLOOKUP($F75,본공사입.출고현황!$B:$H,K$182,0),0) -> EA | L75: 200
A76: 38 | B76: 38 | C76: 수기 | E76: 45449 | F76: CO015 | G76: =IFERROR(VLOOKUP($F76,본공사입.출고현황!$B:$H,G$182,0),0) -> Conduit Fitting | H76: =IFERROR(VLOOKUP($F76,본공사입.출고현황!$B:$H,H$182,0),0) -> Conduit Coupling 80-Ts | I76: =IFERROR(VLOOKUP($F76,본공사입.출고현황!$B:$H,I$182,0),0) -> Conduit Coupling | J76: =IFERROR(VLOOKUP($F76,본공사입.출고현황!$B:$H,J$182,0),0) -> 80-Ts | K76: =IFERROR(VLOOKUP($F76,본공사입.출고현황!$B:$H,K$182,0),0) -> EA | L76: 10
A77: 39 | B77: 39 | C77: 수기 | E77: 45469 | F77: CO007 | G77: =IFERROR(VLOOKUP($F77,본공사입.출고현황!$B:$H,G$182,0),0) -> Conduit | H77: =IFERROR(VLOOKUP($F77,본공사입.출고현황!$B:$H,H$182,0),0) -> Conduit 108x4.0 | I77: =IFERROR(VLOOKUP($F77,본공사입.출고현황!$B:$H,I$182,0),0) -> Conduit | J77: =IFERROR(VLOOKUP($F77,본공사입.출고현황!$B:$H,J$182,0),0) -> 108x4 | K77: =IFERROR(VLOOKUP($F77,본공사입.출고현황!$B:$H,K$182,0),0) -> M | L77: 847
A78: 40 | B78: 40 | C78: 수기 | E78: 45469 | F78: CO012 | G78: =IFERROR(VLOOKUP($F78,본공사입.출고현황!$B:$H,G$182,0),0) -> Conduit Fitting | H78: =IFERROR(VLOOKUP($F78,본공사입.출고현황!$B:$H,H$182,0),0) -> Conduit Coupling 121x5 | I78: =IFERROR(VLOOKUP($F78,본공사입.출고현황!$B:$H,I$182,0),0) -> Conduit Coupling | J78: =IFERROR(VLOOKUP($F78,본공사입.출고현황!$B:$H,J$182,0),0) -> 121x5 | K78: =IFERROR(VLOOKUP($F78,본공사입.출고현황!$B:$H,K$182,0),0) -> M | L78: 84
A79: 41 | B79: 41 | C79: 수기 | E79: 45469 | F79: GR002 | G79: =IFERROR(VLOOKUP($F79,본공사입.출고현황!$B:$H,G$182,0),0) -> Ground | H79: =IFERROR(VLOOKUP($F79,본공사입.출고현황!$B:$H,H$182,0),0) -> Ground Cable 70SQ | I79: =IFERROR(VLOOKUP($F79,본공사입.출고현황!$B:$H,I$182,0),0) -> Ground Cable | J79: =IFERROR(VLOOKUP($F79,본공사입.출고현황!$B:$H,J$182,0),0) -> 70SQ | K79: =IFERROR(VLOOKUP($F79,본공사입.출고현황!$B:$H,K$182,0),0) -> M | L79: 3120
A80: 42 | B80: 42 | C80: 수기 | E80: 45469 | F80: CO002 | G80: =IFERROR(VLOOKUP($F80,본공사입.출고현황!$B:$H,G$182,0),0) -> Conduit | H80: =IFERROR(VLOOKUP($F80,본공사입.출고현황!$B:$H,H$182,0),0) -> Conduit (Galvanized) Ts-80x4 | I80: =IFERROR(VLOOKUP($F80,본공사입.출고현황!$B:$H,I$182,0),0) -> Conduit (Galvanized) | J80: =IFERROR(VLOOKUP($F80,본공사입.출고현황!$B:$H,J$182,0),0) -> 88x4 | K80: =IFERROR(VLOOKUP($F80,본공사입.출고현황!$B:$H,K$182,0),0) -> M | L80: 864
A81: 43 | B81: 43 | C81: 수기 | E81: 45495 | F81: GR007 | G81: =IFERROR(VLOOKUP($F81,본공사입.출고현황!$B:$H,G$182,0),0) -> Ground | H81: =IFERROR(VLOOKUP($F81,본공사입.출고현황!$B:$H,H$182,0),0) -> Cadweld Powder #200 | I81: =IFERROR(VLOOKUP($F81,본공사입.출고현황!$B:$H,I$182,0),0) -> Cadweld Powder | J81: =IFERROR(VLOOKUP($F81,본공사입.출고현황!$B:$H,J$182,0),0) -> #200 | K81: =IFERROR(VLOOKUP($F81,본공사입.출고현황!$B:$H,K$182,0),0) -> EA | L81: 600
A82: 44 | B82: 44 | C82: 수기 | E82: 45495 | F82: GR005 | G82: =IFERROR(VLOOKUP($F82,본공사입.출고현황!$B:$H,G$182,0),0) -> Ground | H82: =IFERROR(VLOOKUP($F82,본공사입.출고현황!$B:$H,H$182,0),0) -> Cadweld Powder #115 | I82: =IFERROR(VLOOKUP($F82,본공사입.출고현황!$B:$H,I$182,0),0) -> Cadweld Powder | J82: =IFERROR(VLOOKUP($F82,본공사입.출고현황!$B:$H,J$182,0),0) -> #115 | K82: =IFERROR(VLOOKUP($F82,본공사입.출고현황!$B:$H,K$182,0),0) -> EA | L82: 150
A83: 45 | B83: 45 | C83: 수기 | E83: 45495 | F83: GR008 | G83: =IFERROR(VLOOKUP($F83,본공사입.출고현황!$B:$H,G$182,0),0) -> Ground | H83: =IFERROR(VLOOKUP($F83,본공사입.출고현황!$B:$H,H$182,0),0) -> Cadweld XBQ-Y4Y4 | I83: =IFERROR(VLOOKUP($F83,본공사입.출고현황!$B:$H,I$182,0),0) -> Welding Mold | J83: =IFERROR(VLOOKUP($F83,본공사입.출고현황!$B:$H,J$182,0),0) -> Cross (+) | K83: =IFERROR(VLOOKUP($F83,본공사입.출고현황!$B:$H,K$182,0),0) -> EA | L83: 20
A84: 46 | B84: 46 | C84: 수기 | E84: 45495 | F84: GR009 | G84: =IFERROR(VLOOKUP($F84,본공사입.출고현황!$B:$H,G$182,0),0) -> Ground | H84: =IFERROR(VLOOKUP($F84,본공사입.출고현황!$B:$H,H$182,0),0) -> Cadweld PGC-Y4Y4 | I84: =IFERROR(VLOOKUP($F84,본공사입.출고현황!$B:$H,I$182,0),0) -> Welding Mold | J84: =IFERROR(VLOOKUP($F84,본공사입.출고현황!$B:$H,J$182,0),0) -> Parallel (=) | K84: =IFERROR(VLOOKUP($F84,본공사입.출고현황!$B:$H,K$182,0),0) -> EA | L84: 5
A85: 47 | B85: 47 | C85: 수기 | E85: 45495 | F85: GR010 | G85: =IFERROR(VLOOKUP($F85,본공사입.출고현황!$B:$H,G$182,0),0) -> Ground | H85: =IFERROR(VLOOKUP($F85,본공사입.출고현황!$B:$H,H$182,0),0) -> Cadweld TAC-Y4Y4 | I85: =IFERROR(VLOOKUP($F85,본공사입.출고현황!$B:$H,I$182,0),0) -> Welding Mold | J85: =IFERROR(VLOOKUP($F85,본공사입.출고현황!$B:$H,J$182,0),0) -> Cross (T) | K85: =IFERROR(VLOOKUP($F85,본공사입.출고현황!$B:$H,K$182,0),0) -> EA | L85: 5
A86: 48 | B86: 48 | C86: 수기 | E86: 45495 | F86: CO015 | G86: =IFERROR(VLOOKUP($F86,본공사입.출고현황!$B:$H,G$182,0),0) -> Conduit Fitting | H86: =IFERROR(VLOOKUP($F86,본공사입.출고현황!$B:$H,H$182,0),0) -> Conduit Coupling 80-Ts | I86: =IFERROR(VLOOKUP($F86,본공사입.출고현황!$B:$H,I$182,0),0) -> Conduit Coupling | J86: =IFERROR(VLOOKUP($F86,본공사입.출고현황!$B:$H,J$182,0),0) -> 80-Ts | K86: =IFERROR(VLOOKUP($F86,본공사입.출고현황!$B:$H,K$182,0),0) -> EA | L86: 120
... A91: 53 | B91: 53 | C91: 수기 | E91: 45523 | F91: CO019 | G91: =IFERROR(VLOOKUP($F91,본공사입.출고현황!$B:$H,G$182,0),0) -> 0 | H91: =IFERROR(VLOOKUP($F91,본공사입.출고현황!$B:$H,H$182,0),0) -> 0 | I91: =IFERROR(VLOOKUP($F91,본공사입.출고현황!$B:$H,I$182,0),0) -> 0 | J91: =IFERROR(VLOOKUP($F91,본공사입.출고현황!$B:$H,J$182,0),0) -> 0 | K91: =IFERROR(VLOOKUP($F91,본공사입.출고현황!$B:$H,K$182,0),0) -> 0 | L91: 20
A92: 54 | B92: 54 | C92: 수기 | E92: 45523 | F92: CO020 | G92: =IFERROR(VLOOKUP($F92,본공사입.출고현황!$B:$H,G$182,0),0) -> Paint | H92: =IFERROR(VLOOKUP($F92,본공사입.출고현황!$B:$H,H$182,0),0) -> JOTUN Pipe Top-coated Paint | I92: =IFERROR(VLOOKUP($F92,본공사입.출고현황!$B:$H,I$182,0),0) -> Paint | J92: =IFERROR(VLOOKUP($F92,본공사입.출고현황!$B:$H,J$182,0),0) -> 20L | K92: =IFERROR(VLOOKUP($F92,본공사입.출고현황!$B:$H,K$182,0),0) -> CAN | L92: 0 | M92: 미입고(창고X)
A93: 55 | B93: 55 | C93: 수기 | E93: 45546 | F93: CO014 | G93: =IFERROR(VLOOKUP($F93,본공사입.출고현황!$B:$H,G$182,0),0) -> Conduit Fitting | H93: =IFERROR(VLOOKUP($F93,본공사입.출고현황!$B:$H,H$182,0),0) -> Conduit Coupling 100-Ts | I93: =IFERROR(VLOOKUP($F93,본공사입.출고현황!$B:$H,I$182,0),0) -> Conduit Coupling | J93: =IFERROR(VLOOKUP($F93,본공사입.출고현황!$B:$H,J$182,0),0) -> 100-Ts | K93: =IFERROR(VLOOKUP($F93,본공사입.출고현황!$B:$H,K$182,0),0) -> EA | L93: 120
A94: 56 | B94: 56 | C94: 수기 | E94: 45557 | F94: CO002 | G94: =IFERROR(VLOOKUP($F94,본공사입.출고현황!$B:$H,G$182,0),0) -> Conduit | H94: =IFERROR(VLOOKUP($F94,본공사입.출고현황!$B:$H,H$182,0),0) -> Conduit (Galvanized) Ts-80x4 | I94: =IFERROR(VLOOKUP($F94,본공사입.출고현황!$B:$H,I$182,0),0) -> Conduit (Galvanized) | J94: =IFERROR(VLOOKUP($F94,본공사입.출고현황!$B:$H,J$182,0),0) -> 88x4 | K94: =IFERROR(VLOOKUP($F94,본공사입.출고현황!$B:$H,K$182,0),0) -> M | L94: 1732
A95: 57 | B95: 57 | C95: 수기 | E95: 45557 | F95: CO015 | G95: =IFERROR(VLOOKUP($F95,본공사입.출고현황!$B:$H,G$182,0),0) -> Conduit Fitting | H95: =IFERROR(VLOOKUP($F95,본공사입.출고현황!$B:$H,H$182,0),0) -> Conduit Coupling 80-Ts | I95: =IFERROR(VLOOKUP($F95,본공사입.출고현황!$B:$H,I$182,0),0) -> Conduit Coupling | J95: =IFERROR(VLOOKUP($F95,본공사입.출고현황!$B:$H,J$182,0),0) -> 80-Ts | K95: =IFERROR(VLOOKUP($F95,본공사입.출고현황!$B:$H,K$182,0),0) -> EA | L95: 128
A96: 58 | B96: 58 | C96: 수기 | E96: 45630 | F96: GR001 | G96: =IFERROR(VLOOKUP($F96,본공사입.출고현황!$B:$H,G$182,0),0) -> Ground | H96: =IFERROR(VLOOKUP($F96,본공사입.출고현황!$B:$H,H$182,0),0) -> Ground Cable 78SQ | I96: =IFERROR(VLOOKUP($F96,본공사입.출고현황!$B:$H,I$182,0),0) -> Ground Cable | J96: =IFERROR(VLOOKUP($F96,본공사입.출고현황!$B:$H,J$182,0),0) -> 78SQ | K96: =IFERROR(VLOOKUP($F96,본공사입.출고현황!$B:$H,K$182,0),0) -> M | L96: 4500
A97: 59 | B97: 59 | C97: 수기 | E97: 45630 | F97: GR011 | G97: =IFERROR(VLOOKUP($F97,본공사입.출고현황!$B:$H,G$182,0),0) -> Ground | H97: =IFERROR(VLOOKUP($F97,본공사입.출고현황!$B:$H,H$182,0),0) -> Zinc Spray | I97: =IFERROR(VLOOKUP($F97,본공사입.출고현황!$B:$H,I$182,0),0) -> Zinc Spray | J97: =IFERROR(VLOOKUP($F97,본공사입.출고현황!$B:$H,J$182,0),0) -> 0 | K97: =IFERROR(VLOOKUP($F97,본공사입.출고현황!$B:$H,K$182,0),0) -> EA | L97: 70
A98: 60 | B98: 60 | C98: 수기 | E98: 45630 | F98: GR013 | G98: =IFERROR(VLOOKUP($F98,본공사입.출고현황!$B:$H,G$182,0),0) -> Ground Conduit | H98: =IFERROR(VLOOKUP($F98,본공사입.출고현황!$B:$H,H$182,0),0) -> Flexible Conduit 2" | I98: =IFERROR(VLOOKUP($F98,본공사입.출고현황!$B:$H,I$182,0),0) -> Ground Conduit | J98: =IFERROR(VLOOKUP($F98,본공사입.출고현황!$B:$H,J$182,0),0) -> 2" | K98: =IFERROR(VLOOKUP($F98,본공사입.출고현황!$B:$H,K$182,0),0) -> M | L98: 100
A99: 61 | B99: 61 | C99: 수기 | E99: 45630 | F99: GR005 | G99: =IFERROR(VLOOKUP($F99,본공사입.출고현황!$B:$H,G$182,0),0) -> Ground | H99: =IFERROR(VLOOKUP($F99,본공사입.출고현황!$B:$H,H$182,0),0) -> Cadweld Powder #115 | I99: =IFERROR(VLOOKUP($F99,본공사입.출고현황!$B:$H,I$182,0),0) -> Cadweld Powder | J99: =IFERROR(VLOOKUP($F99,본공사입.출고현황!$B:$H,J$182,0),0) -> #115 | K99: =IFERROR(VLOOKUP($F99,본공사입.출고현황!$B:$H,K$182,0),0) -> EA | L99: 150
A100: 62 | B100: 62 | C100: 수기 | E100: 45630 | F100: GR006 | G100: =IFERROR(VLOOKUP($F100,본공사입.출고현황!$B:$H,G$182,0),0) -> Ground | H100: =IFERROR(VLOOKUP($F100,본공사입.출고현황!$B:$H,H$182,0),0) -> Cadweld Powder #150 | I100: =IFERROR(VLOOKUP($F100,본공사입.출고현황!$B:$H,I$182,0),0) -> Cadweld Powder | J100: =IFERROR(VLOOKUP($F100,본공사입.출고현황!$B:$H,J$182,0),0) -> #150 | K100: =IFERROR(VLOOKUP($F100,본공사입.출고현황!$B:$H,K$182,0),0) -> EA | L100: 100
A101: 63 | B101: 63 | C101: 수기 | E101: 45630 | F101: GR007 | G101: =IFERROR(VLOOKUP($F101,본공사입.출고현황!$B:$H,G$182,0),0) -> Ground | H101: =IFERROR(VLOOKUP($F101,본공사입.출고현황!$B:$H,H$182,0),0) -> Cadweld Powder #200 | I101: =IFERROR(VLOOKUP($F101,본공사입.출고현황!$B:$H,I$182,0),0) -> Cadweld Powder | J101: =IFERROR(VLOOKUP($F101,본공사입.출고현황!$B:$H,J$182,0),0) -> #200 | K101: =IFERROR(VLOOKUP($F101,본공사입.출고현황!$B:$H,K$182,0),0) -> EA | L101: 300
A102: 64 | B102: 64 | C102: 수기 | E102: 45630 | F102: GR015 | G102: =IFERROR(VLOOKUP($F102,본공사입.출고현황!$B:$H,G$182,0),0) -> Ground | H102: =IFERROR(VLOOKUP($F102,본공사입.출고현황!$B:$H,H$182,0),0) -> nVent Exothemic Welding Control Unit | I102: =IFERROR(VLOOKUP($F102,본공사입.출고현황!$B:$H,I$182,0),0) -> CAD WELD GUN | J102: =IFERROR(VLOOKUP($F102,본공사입.출고현황!$B:$H,J$182,0),0) -> 0 | K102: =IFERROR(VLOOKUP($F102,본공사입.출고현황!$B:$H,K$182,0),0) -> EA | L102: 1
A103: 65 | B103: 65 | C103: 수기 | E103: 45630 | F103: GR008 | G103: =IFERROR(VLOOKUP($F103,본공사입.출고현황!$B:$H,G$182,0),0) -> Ground | H103: =IFERROR(VLOOKUP($F103,본공사입.출고현황!$B:$H,H$182,0),0) -> Cadweld XBQ-Y4Y4 | I103: =IFERROR(VLOOKUP($F103,본공사입.출고현황!$B:$H,I$182,0),0) -> Welding Mold | J103: =IFERROR(VLOOKUP($F103,본공사입.출고현황!$B:$H,J$182,0),0) -> Cross (+) | K103: =IFERROR(VLOOKUP($F103,본공사입.출고현황!$B:$H,K$182,0),0) -> EA | L103: 4
A104: 66 | B104: 66 | C104: 수기 | E104: 45376 | F104: GR011 | G104: =IFERROR(VLOOKUP($F104,본공사입.출고현황!$B:$H,G$182,0),0) -> Ground | H104: =IFERROR(VLOOKUP($F104,본공사입.출고현황!$B:$H,H$182,0),0) -> Zinc Spray | I104: =IFERROR(VLOOKUP($F104,본공사입.출고현황!$B:$H,I$182,0),0) -> Zinc Spray | J104: =IFERROR(VLOOKUP($F104,본공사입.출고현황!$B:$H,J$182,0),0) -> 0 | K104: =IFERROR(VLOOKUP($F104,본공사입.출고현황!$B:$H,K$182,0),0) -> EA | L104: 30
... A113: 75 | B113: 75 | C113: 수기 | E113: 45648 | F113: CG002 | G113: =IFERROR(VLOOKUP($F113,본공사입.출고현황!$B:$H,G$182,0),0) -> Angle | H113: =IFERROR(VLOOKUP($F113,본공사입.출고현황!$B:$H,H$182,0),0) -> Angle 100x100x10 | I113: =IFERROR(VLOOKUP($F113,본공사입.출고현황!$B:$H,I$182,0),0) -> CCGG | J113: =IFERROR(VLOOKUP($F113,본공사입.출고현황!$B:$H,J$182,0),0) -> 100x100x10 (12m) | K113: =IFERROR(VLOOKUP($F113,본공사입.출고현황!$B:$H,K$182,0),0) -> M | L113: 12
A114: 76 | B114: 76 | C114: 수기 | E114: 45560 | F114: CO008 | G114: =IFERROR(VLOOKUP($F114,본공사입.출고현황!$B:$H,G$182,0),0) -> 0 | H114: =IFERROR(VLOOKUP($F114,본공사입.출고현황!$B:$H,H$182,0),0) -> 0 | I114: =IFERROR(VLOOKUP($F114,본공사입.출고현황!$B:$H,I$182,0),0) -> 0 | J114: =IFERROR(VLOOKUP($F114,본공사입.출고현황!$B:$H,J$182,0),0) -> 0 | K114: =IFERROR(VLOOKUP($F114,본공사입.출고현황!$B:$H,K$182,0),0) -> 0 | L114: 53 | M114: 반납
A115: 77 | B115: 77 | C115: 수기 | E115: 45584 | F115: CG001 | G115: =IFERROR(VLOOKUP($F115,본공사입.출고현황!$B:$H,G$182,0),0) -> Steel round bar | H115: Round wire 10Ø | I115: =IFERROR(VLOOKUP($F115,본공사입.출고현황!$B:$H,I$182,0),0) -> CCGG | J115: =IFERROR(VLOOKUP($F115,본공사입.출고현황!$B:$H,J$182,0),0) -> ф10, 1ton=1,620.7m | K115: =IFERROR(VLOOKUP($F115,본공사입.출고현황!$B:$H,K$182,0),0) -> M | L115: 1620
A116: 78 | B116: 78 | C116: 수기 | E116: 45595 | F116: CG002 | G116: =IFERROR(VLOOKUP($F116,본공사입.출고현황!$B:$H,G$182,0),0) -> Angle | H116: =IFERROR(VLOOKUP($F116,본공사입.출고현황!$B:$H,H$182,0),0) -> Angle 100x100x10 | I116: =IFERROR(VLOOKUP($F116,본공사입.출고현황!$B:$H,I$182,0),0) -> CCGG | J116: =IFERROR(VLOOKUP($F116,본공사입.출고현황!$B:$H,J$182,0),0) -> 100x100x10 (12m) | K116: =IFERROR(VLOOKUP($F116,본공사입.출고현황!$B:$H,K$182,0),0) -> M | L116: 108
A117: 79 | B117: 79 | C117: 수기 | E117: 45622 | F117: CO002 | G117: =IFERROR(VLOOKUP($F117,본공사입.출고현황!$B:$H,G$182,0),0) -> Conduit | H117: =IFERROR(VLOOKUP($F117,본공사입.출고현황!$B:$H,H$182,0),0) -> Conduit (Galvanized) Ts-80x4 | I117: =IFERROR(VLOOKUP($F117,본공사입.출고현황!$B:$H,I$182,0),0) -> Conduit (Galvanized) | J117: =IFERROR(VLOOKUP($F117,본공사입.출고현황!$B:$H,J$182,0),0) -> 88x4 | K117: =IFERROR(VLOOKUP($F117,본공사입.출고현황!$B:$H,K$182,0),0) -> M | L117: 3000
A118: 80 | B118: 80 | C118: 수기 | E118: 45622 | F118: CO015 | G118: =IFERROR(VLOOKUP($F118,본공사입.출고현황!$B:$H,G$182,0),0) -> Conduit Fitting | H118: =IFERROR(VLOOKUP($F118,본공사입.출고현황!$B:$H,H$182,0),0) -> Conduit Coupling 80-Ts | I118: =IFERROR(VLOOKUP($F118,본공사입.출고현황!$B:$H,I$182,0),0) -> Conduit Coupling | J118: =IFERROR(VLOOKUP($F118,본공사입.출고현황!$B:$H,J$182,0),0) -> 80-Ts | K118: =IFERROR(VLOOKUP($F118,본공사입.출고현황!$B:$H,K$182,0),0) -> EA | L118: 128
A119: 81 | B119: 81 | C119: 수기 | D119: 9-072-D-450-1039-E | E119: 45648 | F119: CG002 | G119: =IFERROR(VLOOKUP($F119,본공사입.출고현황!$B:$H,G$182,0),0) -> Angle | H119: =IFERROR(VLOOKUP($F119,본공사입.출고현황!$B:$H,H$182,0),0) -> Angle 100x100x10 | I119: =IFERROR(VLOOKUP($F119,본공사입.출고현황!$B:$H,I$182,0),0) -> CCGG | J119: =IFERROR(VLOOKUP($F119,본공사입.출고현황!$B:$H,J$182,0),0) -> 100x100x10 (12m) | K119: =IFERROR(VLOOKUP($F119,본공사입.출고현황!$B:$H,K$182,0),0) -> M | L119: =1*12 -> 12 | M119: 1pcs x 12m | O119: 1 pcs
A120: 82 | B120: 82 | C120: 수기 | E120: 45658 | F120: CG001 | G120: =IFERROR(VLOOKUP($F120,본공사입.출고현황!$B:$H,G$182,0),0) -> Steel round bar | H120: Round wire 10Ø | I120: =IFERROR(VLOOKUP($F120,본공사입.출고현황!$B:$H,I$182,0),0) -> CCGG | J120: =IFERROR(VLOOKUP($F120,본공사입.출고현황!$B:$H,J$182,0),0) -> ф10, 1ton=1,620.7m | K120: =IFERROR(VLOOKUP($F120,본공사입.출고현황!$B:$H,K$182,0),0) -> M | L120: =1620.7*2 -> 3241.4 | M120: 2ton | O120: 1 roll
A121: 83 | B121: 83 | C121: 수기 | D121: 9-072-D-450-1039-E | E121: 45671 | F121: CG002 | G121: =IFERROR(VLOOKUP($F121,본공사입.출고현황!$B:$H,G$182,0),0) -> Angle | H121: =IFERROR(VLOOKUP($F121,본공사입.출고현황!$B:$H,H$182,0),0) -> Angle 100x100x10 | I121: =IFERROR(VLOOKUP($F121,본공사입.출고현황!$B:$H,I$182,0),0) -> CCGG | J121: =IFERROR(VLOOKUP($F121,본공사입.출고현황!$B:$H,J$182,0),0) -> 100x100x10 (12m) | K121: =IFERROR(VLOOKUP($F121,본공사입.출고현황!$B:$H,K$182,0),0) -> M | L121: =30*12 -> 360 | M121: 30pcs x 12m | O121: 30 pcs
A122: 84 | B122: 84 | C122: 수기 | D122: 9-072-D-450-1040-E | E122: 45698 | F122: CG001 | G122: =IFERROR(VLOOKUP($F122,본공사입.출고현황!$B:$H,G$182,0),0) -> Steel round bar | H122: Round wire 10Ø | I122: =IFERROR(VLOOKUP($F122,본공사입.출고현황!$B:$H,I$182,0),0) -> CCGG | J122: =IFERROR(VLOOKUP($F122,본공사입.출고현황!$B:$H,J$182,0),0) -> ф10, 1ton=1,620.7m | K122: =IFERROR(VLOOKUP($F122,본공사입.출고현황!$B:$H,K$182,0),0) -> M | L122: =1620.7*2 -> 3241.4 | M122: 2ton | O122: 1 roll
A123: 85 | B123: 85 | C123: 수기 | D123: 9-072-D-450-1040-E | E123: 45704 | F123: CG001 | G123: =IFERROR(VLOOKUP($F123,본공사입.출고현황!$B:$H,G$182,0),0) -> Steel round bar | H123: Round wire 10Ø | I123: =IFERROR(VLOOKUP($F123,본공사입.출고현황!$B:$H,I$182,0),0) -> CCGG | J123: =IFERROR(VLOOKUP($F123,본공사입.출고현황!$B:$H,J$182,0),0) -> ф10, 1ton=1,620.7m | K123: =IFERROR(VLOOKUP($F123,본공사입.출고현황!$B:$H,K$182,0),0) -> M | L123: =1620.7*4 -> 6482.8 | M123: 4ton | O123: 2 roll
A124: 86 | B124: 86 | C124: 수기 | D124: 9-072-D-450-1040-E | E124: 45704 | F124: CG002 | G124: =IFERROR(VLOOKUP($F124,본공사입.출고현황!$B:$H,G$182,0),0) -> Angle | H124: =IFERROR(VLOOKUP($F124,본공사입.출고현황!$B:$H,H$182,0),0) -> Angle 100x100x10 | I124: =IFERROR(VLOOKUP($F124,본공사입.출고현황!$B:$H,I$182,0),0) -> CCGG | J124: =IFERROR(VLOOKUP($F124,본공사입.출고현황!$B:$H,J$182,0),0) -> 100x100x10 (12m) | K124: =IFERROR(VLOOKUP($F124,본공사입.출고현황!$B:$H,K$182,0),0) -> M | L124: =28*6 -> 168 | M124: 28pcs x 6m | O124: 28 pcs
A125: 87 | B125: 87 | C125: RSI2025003220 | E125: 45776 | F125: CO014 | G125: =IFERROR(VLOOKUP($F125,본공사입.출고현황!$B:$H,G$182,0),0) -> Conduit Fitting | H125: =IFERROR(VLOOKUP($F125,본공사입.출고현황!$B:$H,H$182,0),0) -> Conduit Coupling 100-Ts | I125: =IFERROR(VLOOKUP($F125,본공사입.출고현황!$B:$H,I$182,0),0) -> Conduit Coupling | J125: =IFERROR(VLOOKUP($F125,본공사입.출고현황!$B:$H,J$182,0),0) -> 100-Ts | K125: =IFERROR(VLOOKUP($F125,본공사입.출고현황!$B:$H,K$182,0),0) -> EA
A126: 88 | B126: 88 | C126: RSI2025003283 | E126: 45781 | F126: CO014 | G126: =IFERROR(VLOOKUP($F126,본공사입.출고현황!$B:$H,G$182,0),0) -> Conduit Fitting | H126: =IFERROR(VLOOKUP($F126,본공사입.출고현황!$B:$H,H$182,0),0) -> Conduit Coupling 100-Ts | I126: =IFERROR(VLOOKUP($F126,본공사입.출고현황!$B:$H,I$182,0),0) -> Conduit Coupling | J126: =IFERROR(VLOOKUP($F126,본공사입.출고현황!$B:$H,J$182,0),0) -> 100-Ts | K126: =IFERROR(VLOOKUP($F126,본공사입.출고현황!$B:$H,K$182,0),0) -> EA | L126: 35 | M126: 1pcs = 1.8 KG
A127: 89 | B127: 89 | C127: RSI2025003405 | D127: 9-072-D-450-1040-E | E127: 45790 | F127: CG001 | G127: =IFERROR(VLOOKUP($F127,본공사입.출고현황!$B:$H,G$182,0),0) -> Steel round bar | H127: Round wire 10Ø | I127: =IFERROR(VLOOKUP($F127,본공사입.출고현황!$B:$H,I$182,0),0) -> CCGG | J127: =IFERROR(VLOOKUP($F127,본공사입.출고현황!$B:$H,J$182,0),0) -> ф10, 1ton=1,620.7m | K127: =IFERROR(VLOOKUP($F127,본공사입.출고현황!$B:$H,K$182,0),0) -> M | L127: =1620.7*2 -> 3241.4 | M127: 2ton | O127: 1 roll
A128: 90 | B128: 90 | C128: RSI2025003760 | E128: 45811 | F128: CO019a | G128: =IFERROR(VLOOKUP($F128,본공사입.출고현황!$B:$H,G$182,0),0) -> Paint | H128: =IFERROR(VLOOKUP($F128,본공사입.출고현황!$B:$H,H$182,0),0) -> JOTUN Pipe Primer Paint (A) | I128: =IFERROR(VLOOKUP($F128,본공사입.출고현황!$B:$H,I$182,0),0) -> Paint | J128: =IFERROR(VLOOKUP($F128,본공사입.출고현황!$B:$H,J$182,0),0) -> 16L | K128: =IFERROR(VLOOKUP($F128,본공사입.출고현황!$B:$H,K$182,0),0) -> CAN | L128: 1
A129: 91 | B129: 91 | C129: RSI2025003760 | E129: 45811 | F129: CO019b | G129: =IFERROR(VLOOKUP($F129,본공사입.출고현황!$B:$H,G$182,0),0) -> Paint | H129: =IFERROR(VLOOKUP($F129,본공사입.출고현황!$B:$H,H$182,0),0) -> JOTUN Pipe Primer Paint (B) | I129: =IFERROR(VLOOKUP($F129,본공사입.출고현황!$B:$H,I$182,0),0) -> Paint | J129: =IFERROR(VLOOKUP($F129,본공사입.출고현황!$B:$H,J$182,0),0) -> 4L | K129: =IFERROR(VLOOKUP($F129,본공사입.출고현황!$B:$H,K$182,0),0) -> CAN | L129: 1
A130: 92 | B130: 92 | C130: RSI2025003760 | E130: 45811 | F130: CO021 | G130: =IFERROR(VLOOKUP($F130,본공사입.출고현황!$B:$H,G$182,0),0) -> Paint | H130: =IFERROR(VLOOKUP($F130,본공사입.출고현황!$B:$H,H$182,0),0) -> JOTUN Thinner | I130: =IFERROR(VLOOKUP($F130,본공사입.출고현황!$B:$H,I$182,0),0) -> Paint | J130: =IFERROR(VLOOKUP($F130,본공사입.출고현황!$B:$H,J$182,0),0) -> 20L | K130: =IFERROR(VLOOKUP($F130,본공사입.출고현황!$B:$H,K$182,0),0) -> CAN | L130: 1
A131: 93 | B131: 93 | C131: RSI2025003833 | E131: 45823 | F131: CO005 | G131: =IFERROR(VLOOKUP($F131,본공사입.출고현황!$B:$H,G$182,0),0) -> Conduit | H131: =IFERROR(VLOOKUP($F131,본공사입.출고현황!$B:$H,H$182,0),0) -> Conduit (Galvanized) 140x5 | I131: =IFERROR(VLOOKUP($F131,본공사입.출고현황!$B:$H,I$182,0),0) -> Conduit (Galvanized) | J131: =IFERROR(VLOOKUP($F131,본공사입.출고현황!$B:$H,J$182,0),0) -> 140x5 | K131: =IFERROR(VLOOKUP($F131,본공사입.출고현황!$B:$H,K$182,0),0) -> M | L131: 451 | M131: 1610 KG
A132: 94 | B132: 94 | C132: RSI2025003879 /RSI2025003882 | D132: 9-072-D-450-1040-E | E132: 45826 | F132: CG001 | G132: =IFERROR(VLOOKUP($F132,본공사입.출고현황!$B:$H,G$182,0),0) -> Steel round bar | H132: Round wire 10Ø | I132: =IFERROR(VLOOKUP($F132,본공사입.출고현황!$B:$H,I$182,0),0) -> CCGG | J132: =IFERROR(VLOOKUP($F132,본공사입.출고현황!$B:$H,J$182,0),0) -> ф10, 1ton=1,620.7m | K132: =IFERROR(VLOOKUP($F132,본공사입.출고현황!$B:$H,K$182,0),0) -> M | L132: 6482.8 | M132: 4ton | O132: 2 roll
A133: 95 | B133: 95 | C133: RSI X | E133: 45860 | F133: CO019a | G133: =IFERROR(VLOOKUP($F133,본공사입.출고현황!$B:$H,G$182,0),0) -> Paint | H133: =IFERROR(VLOOKUP($F133,본공사입.출고현황!$B:$H,H$182,0),0) -> JOTUN Pipe Primer Paint (A) | I133: =IFERROR(VLOOKUP($F133,본공사입.출고현황!$B:$H,I$182,0),0) -> Paint | J133: =IFERROR(VLOOKUP($F133,본공사입.출고현황!$B:$H,J$182,0),0) -> 16L | K133: =IFERROR(VLOOKUP($F133,본공사입.출고현황!$B:$H,K$182,0),0) -> CAN | L133: 1
A134: 96 | B134: 96 | C134: RSI X | E134: 45860 | F134: CO019b | G134: =IFERROR(VLOOKUP($F134,본공사입.출고현황!$B:$H,G$182,0),0) -> Paint | H134: =IFERROR(VLOOKUP($F134,본공사입.출고현황!$B:$H,H$182,0),0) -> JOTUN Pipe Primer Paint (B) | I134: =IFERROR(VLOOKUP($F134,본공사입.출고현황!$B:$H,I$182,0),0) -> Paint | J134: =IFERROR(VLOOKUP($F134,본공사입.출고현황!$B:$H,J$182,0),0) -> 4L | K134: =IFERROR(VLOOKUP($F134,본공사입.출고현황!$B:$H,K$182,0),0) -> CAN | L134: 1
A135: 97 | B135: 97 | C135: RSI2025004363 | D135: 9-072-D-450-1040-E | E135: 45866 | F135: CG001 | G135: =IFERROR(VLOOKUP($F135,본공사입.출고현황!$B:$H,G$182,0),0) -> Steel round bar | H135: Round wire 10Ø | I135: =IFERROR(VLOOKUP($F135,본공사입.출고현황!$B:$H,I$182,0),0) -> CCGG | J135: =IFERROR(VLOOKUP($F135,본공사입.출고현황!$B:$H,J$182,0),0) -> ф10, 1ton=1,620.7m | K135: =IFERROR(VLOOKUP($F135,본공사입.출고현황!$B:$H,K$182,0),0) -> M | L135: 6482.8 | M135: 4ton
A136: 98 | B136: 98 | C136: RSI2025004905 /RSI2025004909 | D136: 9-072-D-450-1040-E | E136: 45902 | F136: CG001 | G136: Steel round bar | H136: Round wire 10Ø | I136: CCGG | J136: ф10, 1ton=1,620.7m | K136: M | L136: 6482.8 | M136: 4ton | O136: =L136/4 -> 1620.7
A137: 99 | B137: 99 | C137: RSI2025005027 | E137: 45908 | F137: CO005 | G137: Conduit | H137: Conduit (Galvanized) 140x5 | I137: Conduit (Galvanized) | J137: 140x5 | K137: M | L137: 79 | P137: =40690 -> 40690
A138: 100 | B138: 100 | C138: RSI2025005027 | E138: 45908 | F138: CO001 | G138: Conduit | H138: Conduit (Galvanized) Ts-100x4.5 | I138: Conduit (Galvanized) | J138: 114x4.5 | K138: M | L138: 830 | P138: =SUM(L136,L144,L149,L150) -> 25931.2
A139: 101 | B139: 101 | C139: RSI2025005027 | E139: 45908 | F139: CO011 | G139: Conduit Fitting | H139: Conduit Coupling 125-Ts | I139: Conduit Coupling | J139: Ts-152x5 | K139: EA | L139: 60 | M139: RSI ITEM 상이함 | P139: =P137-P138 -> 14758.8
A140: 102 | B140: 102 | C140: RSI2025005027 | E140: 45908 | F140: CO014 | G140: Conduit Fitting | H140: Conduit Coupling 100-Ts | I140: Conduit Coupling | J140: 100-Ts | K140: EA | L140: 125
A141: 103 | B141: 103 | C141: RSI2025005027 | D141: 9-072-D-450-1042-E | E141: 45908 | F141: CG002 | G141: Angle | H141: Angle 100x100x10 | I141: CCGG | J141: 100x100x10 (12m) | K141: M | L141: 540
A142: 104 | B142: 104 | C142: RSI2025005106 | E142: 45914 | F142: CO019a | G142: =IFERROR(VLOOKUP($F142,본공사입.출고현황!$B:$H,G$182,0),0) -> Paint | H142: =IFERROR(VLOOKUP($F142,본공사입.출고현황!$B:$H,H$182,0),0) -> JOTUN Pipe Primer Paint (A) | I142: =IFERROR(VLOOKUP($F142,본공사입.출고현황!$B:$H,I$182,0),0) -> Paint | J142: =IFERROR(VLOOKUP($F142,본공사입.출고현황!$B:$H,J$182,0),0) -> 16L | K142: =IFERROR(VLOOKUP($F142,본공사입.출고현황!$B:$H,K$182,0),0) -> CAN | L142: 1
A143: 105 | B143: 105 | C143: RSI2025005106 | E143: 45914 | F143: CO019b | G143: =IFERROR(VLOOKUP($F143,본공사입.출고현황!$B:$H,G$182,0),0) -> Paint | H143: =IFERROR(VLOOKUP($F143,본공사입.출고현황!$B:$H,H$182,0),0) -> JOTUN Pipe Primer Paint (B) | I143: =IFERROR(VLOOKUP($F143,본공사입.출고현황!$B:$H,I$182,0),0) -> Paint | J143: =IFERROR(VLOOKUP($F143,본공사입.출고현황!$B:$H,J$182,0),0) -> 4L | K143: =IFERROR(VLOOKUP($F143,본공사입.출고현황!$B:$H,K$182,0),0) -> CAN | L143: 1
A144: 106 | B144: 106 | C144: RSI2025005319 | D144: 9-072-D-450-1042-E | E144: 45930 | F144: CG001 | G144: =IFERROR(VLOOKUP($F144,본공사입.출고현황!$B:$H,G$182,0),0) -> Steel round bar | H144: Round wire 10Ø | I144: =IFERROR(VLOOKUP($F144,본공사입.출고현황!$B:$H,I$182,0),0) -> CCGG | J144: =IFERROR(VLOOKUP($F144,본공사입.출고현황!$B:$H,J$182,0),0) -> ф10, 1ton=1,620.7m | K144: =IFERROR(VLOOKUP($F144,본공사입.출고현황!$B:$H,K$182,0),0) -> M | L144: 6482.8 | M144: 4ton
A145: 107 | B145: 107 | C145: RSI2025005320 | E145: 45930 | F145: CO015 | G145: =IFERROR(VLOOKUP($F145,본공사입.출고현황!$B:$H,G$182,0),0) -> Conduit Fitting | H145: =IFERROR(VLOOKUP($F145,본공사입.출고현황!$B:$H,H$182,0),0) -> Conduit Coupling 80-Ts | I145: =IFERROR(VLOOKUP($F145,본공사입.출고현황!$B:$H,I$182,0),0) -> Conduit Coupling | J145: =IFERROR(VLOOKUP($F145,본공사입.출고현황!$B:$H,J$182,0),0) -> 80-Ts | K145: =IFERROR(VLOOKUP($F145,본공사입.출고현황!$B:$H,K$182,0),0) -> EA | L145: 52
A146: 108 | B146: 108 | C146: RSI2025005596 | E146: 45950 | F146: CO019a | G146: =IFERROR(VLOOKUP($F146,본공사입.출고현황!$B:$H,G$182,0),0) -> Paint | H146: =IFERROR(VLOOKUP($F146,본공사입.출고현황!$B:$H,H$182,0),0) -> JOTUN Pipe Primer Paint (A) | I146: =IFERROR(VLOOKUP($F146,본공사입.출고현황!$B:$H,I$182,0),0) -> Paint | J146: =IFERROR(VLOOKUP($F146,본공사입.출고현황!$B:$H,J$182,0),0) -> 16L | K146: =IFERROR(VLOOKUP($F146,본공사입.출고현황!$B:$H,K$182,0),0) -> CAN | L146: 1
A147: 109 | B147: 109 | C147: RSI2025005596 | E147: 45950 | F147: CO019b | G147: =IFERROR(VLOOKUP($F147,본공사입.출고현황!$B:$H,G$182,0),0) -> Paint | H147: =IFERROR(VLOOKUP($F147,본공사입.출고현황!$B:$H,H$182,0),0) -> JOTUN Pipe Primer Paint (B) | I147: =IFERROR(VLOOKUP($F147,본공사입.출고현황!$B:$H,I$182,0),0) -> Paint | J147: =IFERROR(VLOOKUP($F147,본공사입.출고현황!$B:$H,J$182,0),0) -> 4L | K147: =IFERROR(VLOOKUP($F147,본공사입.출고현황!$B:$H,K$182,0),0) -> CAN | L147: 1
A148: 110 | B148: 110 | C148: RSI2025005596 | E148: 45950 | F148: CO021 | G148: =IFERROR(VLOOKUP($F148,본공사입.출고현황!$B:$H,G$182,0),0) -> Paint | H148: =IFERROR(VLOOKUP($F148,본공사입.출고현황!$B:$H,H$182,0),0) -> JOTUN Thinner | I148: =IFERROR(VLOOKUP($F148,본공사입.출고현황!$B:$H,I$182,0),0) -> Paint | J148: =IFERROR(VLOOKUP($F148,본공사입.출고현황!$B:$H,J$182,0),0) -> 20L | K148: =IFERROR(VLOOKUP($F148,본공사입.출고현황!$B:$H,K$182,0),0) -> CAN | L148: 1
A149: 111 | B149: 111 | C149: RSI2025005660 | D149: 9-072-D-450-1042-E | E149: 45956 | F149: CG001 | G149: =IFERROR(VLOOKUP($F149,본공사입.출고현황!$B:$H,G$182,0),0) -> Steel round bar | H149: Round wire 10Ø | I149: =IFERROR(VLOOKUP($F149,본공사입.출고현황!$B:$H,I$182,0),0) -> CCGG | J149: =IFERROR(VLOOKUP($F149,본공사입.출고현황!$B:$H,J$182,0),0) -> ф10, 1ton=1,620.7m | K149: =IFERROR(VLOOKUP($F149,본공사입.출고현황!$B:$H,K$182,0),0) -> M | L149: 6482.8 | M149: 4ton
A150: 112 | B150: 112 | C150: RSI2025005934 | D150: 9-072-D-450-1042-E | E150: 45979 | F150: CG001 | G150: =IFERROR(VLOOKUP($F150,본공사입.출고현황!$B:$H,G$182,0),0) -> Steel round bar | H150: Round wire 10Ø | I150: =IFERROR(VLOOKUP($F150,본공사입.출고현황!$B:$H,I$182,0),0) -> CCGG | J150: =IFERROR(VLOOKUP($F150,본공사입.출고현황!$B:$H,J$182,0),0) -> ф10, 1ton=1,620.7m | K150: =IFERROR(VLOOKUP($F150,본공사입.출고현황!$B:$H,K$182,0),0) -> M | L150: 6482.8 | M150: 4ton
A151: 113 | B151: 113 | C151: RSI2025006016 | D151: 9-072-D-450-1032-E | E151: 45985 | F151: CO019a | G151: =IFERROR(VLOOKUP($F151,본공사입.출고현황!$B:$H,G$182,0),0) -> Paint | H151: =IFERROR(VLOOKUP($F151,본공사입.출고현황!$B:$H,H$182,0),0) -> JOTUN Pipe Primer Paint (A) | I151: =IFERROR(VLOOKUP($F151,본공사입.출고현황!$B:$H,I$182,0),0) -> Paint | J151: =IFERROR(VLOOKUP($F151,본공사입.출고현황!$B:$H,J$182,0),0) -> 16L | K151: =IFERROR(VLOOKUP($F151,본공사입.출고현황!$B:$H,K$182,0),0) -> CAN | L151: 2
A152: 114 | B152: 114 | C152: RSI2025006016 | D152: 9-072-D-450-1032-E | E152: 45985 | F152: CO019b | G152: =IFERROR(VLOOKUP($F152,본공사입.출고현황!$B:$H,G$182,0),0) -> Paint | H152: =IFERROR(VLOOKUP($F152,본공사입.출고현황!$B:$H,H$182,0),0) -> JOTUN Pipe Primer Paint (B) | I152: =IFERROR(VLOOKUP($F152,본공사입.출고현황!$B:$H,I$182,0),0) -> Paint | J152: =IFERROR(VLOOKUP($F152,본공사입.출고현황!$B:$H,J$182,0),0) -> 4L | K152: =IFERROR(VLOOKUP($F152,본공사입.출고현황!$B:$H,K$182,0),0) -> CAN | L152: 2
A153: 115 | B153: 115 | C153: RSI2025006220 | D153: 9-072-D-450-1042-E | E153: 46000 | F153: CG001 | G153: =IFERROR(VLOOKUP($F153,본공사입.출고현황!$B:$H,G$182,0),0) -> Steel round bar | H153: =IFERROR(VLOOKUP($F153,본공사입.출고현황!$B:$H,H$182,0),0) -> Steel round bar(rebar) | I153: =IFERROR(VLOOKUP($F153,본공사입.출고현황!$B:$H,I$182,0),0) -> CCGG | J153: =IFERROR(VLOOKUP($F153,본공사입.출고현황!$B:$H,J$182,0),0) -> ф10, 1ton=1,620.7m | K153: =IFERROR(VLOOKUP($F153,본공사입.출고현황!$B:$H,K$182,0),0) -> M | L153: 6482.8 | M153: 4ton
A154: 116 | B154: 116 | C154: RSI2025006531 | D154: 9-072-D-450-1045-E | E154: 46022 | F154: CG001 | G154: =IFERROR(VLOOKUP($F154,본공사입.출고현황!$B:$H,G$182,0),0) -> Steel round bar | H154: =IFERROR(VLOOKUP($F154,본공사입.출고현황!$B:$H,H$182,0),0) -> Steel round bar(rebar) | I154: =IFERROR(VLOOKUP($F154,본공사입.출고현황!$B:$H,I$182,0),0) -> CCGG | J154: =IFERROR(VLOOKUP($F154,본공사입.출고현황!$B:$H,J$182,0),0) -> ф10, 1ton=1,620.7m | K154: =IFERROR(VLOOKUP($F154,본공사입.출고현황!$B:$H,K$182,0),0) -> M | L154: 6482.8 | M154: 4ton
...

Sheet POR Control Log-out
B1: POR CONTROL LOG - Issue
B2: 【Project : El-Dabaa Nuclear Power Plant (ENPP) #1 to 4】 | H2: from Warehouse & Workshop to Site
B3: No | C3: Date | D3: Material No. | E3: Sortation | F3: Items / Services | G3: Applicable Code & Standards | H3: Size | I3: Unit | J3: Unit # | K3: BLDG | L3: Q'TY | M3: User | N3: Remarks
B5: 1 | C5: 2024이전사용분 | D5: GR001 | E5: =IFERROR(VLOOKUP($D5,본공사입.출고현황!$B:$H,E$2080,0),0) -> Ground | F5: =IFERROR(VLOOKUP($D5,본공사입.출고현황!$B:$H,F$2080,0),0) -> Ground Cable 78SQ | G5: =IFERROR(VLOOKUP($D5,본공사입.출고현황!$B:$H,G$2080,0),0) -> Ground Cable | H5: =IFERROR(VLOOKUP($D5,본공사입.출고현황!$B:$H,H$2080,0),0) -> 78SQ | I5: =IFERROR(VLOOKUP($D5,본공사입.출고현황!$B:$H,I$2080,0),0) -> M | L5: 12796.6
B6: 2 | C6: 2024이전사용분 | D6: GR002 | E6: =IFERROR(VLOOKUP($D6,본공사입.출고현황!$B:$H,E$2080,0),0) -> Ground | F6: =IFERROR(VLOOKUP($D6,본공사입.출고현황!$B:$H,F$2080,0),0) -> Ground Cable 70SQ | G6: =IFERROR(VLOOKUP($D6,본공사입.출고현황!$B:$H,G$2080,0),0) -> Ground Cable | H6: =IFERROR(VLOOKUP($D6,본공사입.출고현황!$B:$H,H$2080,0),0) -> 70SQ | I6: =IFERROR(VLOOKUP($D6,본공사입.출고현황!$B:$H,I$2080,0),0) -> M | L6: 18
B7: 3 | C7: 2024이전사용분 | D7: GR003 | E7: =IFERROR(VLOOKUP($D7,본공사입.출고현황!$B:$H,E$2080,0),0) -> Ground Fitting | F7: =IFERROR(VLOOKUP($D7,본공사입.출고현황!$B:$H,F$2080,0),0) -> Ground TERMINAL LUG 70mm2 | G7: =IFERROR(VLOOKUP($D7,본공사입.출고현황!$B:$H,G$2080,0),0) -> Terminal Lug | H7: =IFERROR(VLOOKUP($D7,본공사입.출고현황!$B:$H,H$2080,0),0) -> 70mm2 | I7: =IFERROR(VLOOKUP($D7,본공사입.출고현황!$B:$H,I$2080,0),0) -> EA | L7: 9
B8: 4 | C8: 2024이전사용분 | D8: GR004 | E8: =IFERROR(VLOOKUP($D8,본공사입.출고현황!$B:$H,E$2080,0),0) -> Ground | F8: =IFERROR(VLOOKUP($D8,본공사입.출고현황!$B:$H,F$2080,0),0) -> Cadweld Powder #90 | G8: =IFERROR(VLOOKUP($D8,본공사입.출고현황!$B:$H,G$2080,0),0) -> Cadweld Powder | H8: =IFERROR(VLOOKUP($D8,본공사입.출고현황!$B:$H,H$2080,0),0) -> #90 | I8: =IFERROR(VLOOKUP($D8,본공사입.출고현황!$B:$H,I$2080,0),0) -> EA | L8: 5
B9: 5 | C9: 2024이전사용분 | D9: GR005 | E9: =IFERROR(VLOOKUP($D9,본공사입.출고현황!$B:$H,E$2080,0),0) -> Ground | F9: =IFERROR(VLOOKUP($D9,본공사입.출고현황!$B:$H,F$2080,0),0) -> Cadweld Powder #115 | G9: =IFERROR(VLOOKUP($D9,본공사입.출고현황!$B:$H,G$2080,0),0) -> Cadweld Powder | H9: =IFERROR(VLOOKUP($D9,본공사입.출고현황!$B:$H,H$2080,0),0) -> #115 | I9: =IFERROR(VLOOKUP($D9,본공사입.출고현황!$B:$H,I$2080,0),0) -> EA | L9: 94
B10: 6 | C10: 2024이전사용분 | D10: GR006 | E10: =IFERROR(VLOOKUP($D10,본공사입.출고현황!$B:$H,E$2080,0),0) -> Ground | F10: =IFERROR(VLOOKUP($D10,본공사입.출고현황!$B:$H,F$2080,0),0) -> Cadweld Powder #150 | G10: =IFERROR(VLOOKUP($D10,본공사입.출고현황!$B:$H,G$2080,0),0) -> Cadweld Powder | H10: =IFERROR(VLOOKUP($D10,본공사입.출고현황!$B:$H,H$2080,0),0) -> #150 | I10: =IFERROR(VLOOKUP($D10,본공사입.출고현황!$B:$H,I$2080,0),0) -> EA | L10: 2
B11: 7 | C11: 2024이전사용분 | D11: GR007 | E11: =IFERROR(VLOOKUP($D11,본공사입.출고현황!$B:$H,E$2080,0),0) -> Ground | F11: =IFERROR(VLOOKUP($D11,본공사입.출고현황!$B:$H,F$2080,0),0) -> Cadweld Powder #200 | G11: =IFERROR(VLOOKUP($D11,본공사입.출고현황!$B:$H,G$2080,0),0) -> Cadweld Powder | H11: =IFERROR(VLOOKUP($D11,본공사입.출고현황!$B:$H,H$2080,0),0) -> #200 | I11: =IFERROR(VLOOKUP($D11,본공사입.출고현황!$B:$H,I$2080,0),0) -> EA | L11: 678
B12: 8 | C12: 2024이전사용분 | D12: GR008 | E12: =IFERROR(VLOOKUP($D12,본공사입.출고현황!$B:$H,E$2080,0),0) -> Ground | F12: =IFERROR(VLOOKUP($D12,본공사입.출고현황!$B:$H,F$2080,0),0) -> Cadweld XBQ-Y4Y4 | G12: =IFERROR(VLOOKUP($D12,본공사입.출고현황!$B:$H,G$2080,0),0) -> Welding Mold | H12: =IFERROR(VLOOKUP($D12,본공사입.출고현황!$B:$H,H$2080,0),0) -> Cross (+) | I12: =IFERROR(VLOOKUP($D12,본공사입.출고현황!$B:$H,I$2080,0),0) -> EA | L12: 12
B13: 9 | C13: 2024이전사용분 | D13: GR009 | E13: =IFERROR(VLOOKUP($D13,본공사입.출고현황!$B:$H,E$2080,0),0) -> Ground | F13: =IFERROR(VLOOKUP($D13,본공사입.출고현황!$B:$H,F$2080,0),0) -> Cadweld PGC-Y4Y4 | G13: =IFERROR(VLOOKUP($D13,본공사입.출고현황!$B:$H,G$2080,0),0) -> Welding Mold | H13: =IFERROR(VLOOKUP($D13,본공사입.출고현황!$B:$H,H$2080,0),0) -> Parallel (=) | I13: =IFERROR(VLOOKUP($D13,본공사입.출고현황!$B:$H,I$2080,0),0) -> EA | L13: 0
B14: 10 | C14: 2024이전사용분 | D14: GR010 | E14: =IFERROR(VLOOKUP($D14,본공사입.출고현황!$B:$H,E$2080,0),0) -> Ground | F14: =IFERROR(VLOOKUP($D14,본공사입.출고현황!$B:$H,F$2080,0),0) -> Cadweld TAC-Y4Y4 | G14: =IFERROR(VLOOKUP($D14,본공사입.출고현황!$B:$H,G$2080,0),0) -> Welding Mold | H14: =IFERROR(VLOOKUP($D14,본공사입.출고현황!$B:$H,H$2080,0),0) -> Cross (T) | I14: =IFERROR(VLOOKUP($D14,본공사입.출고현황!$B:$H,I$2080,0),0) -> EA | L14: 1
B15: 11 | C15: 2024이전사용분 | D15: GR011 | E15: =IFERROR(VLOOKUP($D15,본공사입.출고현황!$B:$H,E$2080,0),0) -> Ground | F15: =IFERROR(VLOOKUP($D15,본공사입.출고현황!$B:$H,F$2080,0),0) -> Zinc Spray | G15: =IFERROR(VLOOKUP($D15,본공사입.출고현황!$B:$H,G$2080,0),0) -> Zinc Spray | H15: =IFERROR(VLOOKUP($D15,본공사입.출고현황!$B:$H,H$2080,0),0) -> 0 | I15: =IFERROR(VLOOKUP($D15,본공사입.출고현황!$B:$H,I$2080,0),0) -> EA | L15: 87
B16: 12 | C16: 2024이전사용분 | D16: GR012 | E16: =IFERROR(VLOOKUP($D16,본공사입.출고현황!$B:$H,E$2080,0),0) -> Miscellious | F16: =IFERROR(VLOOKUP($D16,본공사입.출고현황!$B:$H,F$2080,0),0) -> Nicoband | G16: =IFERROR(VLOOKUP($D16,본공사입.출고현황!$B:$H,G$2080,0),0) -> Nicoband | H16: =IFERROR(VLOOKUP($D16,본공사입.출고현황!$B:$H,H$2080,0),0) -> 10m x 15cm | I16: =IFERROR(VLOOKUP($D16,본공사입.출고현황!$B:$H,I$2080,0),0) -> EA | L16: 0
... B42: 39 | C42: 2024이전사용분 | D42: CG001 | E42: =IFERROR(VLOOKUP($D42,본공사입.출고현황!$B:$H,E$2080,0),0) -> Steel round bar | F42: =IFERROR(VLOOKUP($D42,본공사입.출고현황!$B:$H,F$2080,0),0) -> Steel round bar(rebar) | G42: =IFERROR(VLOOKUP($D42,본공사입.출고현황!$B:$H,G$2080,0),0) -> CCGG | H42: =IFERROR(VLOOKUP($D42,본공사입.출고현황!$B:$H,H$2080,0),0) -> ф10, 1ton=1,620.7m | I42: =IFERROR(VLOOKUP($D42,본공사입.출고현황!$B:$H,I$2080,0),0) -> M | L42: 4181.6
B43: 40 | C43: 2024이전사용분 | D43: CG002 | E43: =IFERROR(VLOOKUP($D43,본공사입.출고현황!$B:$H,E$2080,0),0) -> Angle | F43: =IFERROR(VLOOKUP($D43,본공사입.출고현황!$B:$H,F$2080,0),0) -> Angle 100x100x10 | G43: =IFERROR(VLOOKUP($D43,본공사입.출고현황!$B:$H,G$2080,0),0) -> CCGG | H43: =IFERROR(VLOOKUP($D43,본공사입.출고현황!$B:$H,H$2080,0),0) -> 100x100x10 (12m) | I43: =IFERROR(VLOOKUP($D43,본공사입.출고현황!$B:$H,I$2080,0),0) -> M | L43: 385 | O43: 444 | P43: =L43+O43 -> 829
A44: 1 | B44: 1 | C44: 45658 | D44: CO018 | E44: =IFERROR(VLOOKUP($D44,본공사입.출고현황!$B:$H,E$2080,0),0) -> Sup't | F44: =IFERROR(VLOOKUP($D44,본공사입.출고현황!$B:$H,F$2080,0),0) -> Angle 75x75x5 | G44: =IFERROR(VLOOKUP($D44,본공사입.출고현황!$B:$H,G$2080,0),0) -> Angle | H44: =IFERROR(VLOOKUP($D44,본공사입.출고현황!$B:$H,H$2080,0),0) -> 75x75x5 | I44: =IFERROR(VLOOKUP($D44,본공사입.출고현황!$B:$H,I$2080,0),0) -> M | J44: 2 | K44: 20USJ | L44: 1 | M44: Hussien Elsayed
A45: 2 | B45: 2 | C45: 45658 | D45: CO004 | E45: =IFERROR(VLOOKUP($D45,본공사입.출고현황!$B:$H,E$2080,0),0) -> Conduit | F45: =IFERROR(VLOOKUP($D45,본공사입.출고현황!$B:$H,F$2080,0),0) -> Conduit 159x4.5 | G45: =IFERROR(VLOOKUP($D45,본공사입.출고현황!$B:$H,G$2080,0),0) -> Conduit | H45: =IFERROR(VLOOKUP($D45,본공사입.출고현황!$B:$H,H$2080,0),0) -> 159x4.5 | I45: =IFERROR(VLOOKUP($D45,본공사입.출고현황!$B:$H,I$2080,0),0) -> M | J45: 4 | K45: 40 UMA | L45: 4.5 | M45: Hussien Elsayed
A46: 3 | B46: 3 | C46: 45658 | D46: CG001 | E46: =IFERROR(VLOOKUP($D46,본공사입.출고현황!$B:$H,E$2080,0),0) -> Steel round bar | F46: =IFERROR(VLOOKUP($D46,본공사입.출고현황!$B:$H,F$2080,0),0) -> Steel round bar(rebar) | G46: =IFERROR(VLOOKUP($D46,본공사입.출고현황!$B:$H,G$2080,0),0) -> CCGG | H46: =IFERROR(VLOOKUP($D46,본공사입.출고현황!$B:$H,H$2080,0),0) -> ф10, 1ton=1,620.7m | I46: =IFERROR(VLOOKUP($D46,본공사입.출고현황!$B:$H,I$2080,0),0) -> M | K46: workshop | L46: =130*0.6 -> 78 | M46: Ahmed Saeed | N46: Fabrication | P46: =L46/0.6 -> 130
A47: 4 | B47: 4 | C47: 45661 | D47: CG001 | E47: =IFERROR(VLOOKUP($D47,본공사입.출고현황!$B:$H,E$2080,0),0) -> Steel round bar | F47: =IFERROR(VLOOKUP($D47,본공사입.출고현황!$B:$H,F$2080,0),0) -> Steel round bar(rebar) | G47: =IFERROR(VLOOKUP($D47,본공사입.출고현황!$B:$H,G$2080,0),0) -> CCGG | H47: =IFERROR(VLOOKUP($D47,본공사입.출고현황!$B:$H,H$2080,0),0) -> ф10, 1ton=1,620.7m | I47: =IFERROR(VLOOKUP($D47,본공사입.출고현황!$B:$H,I$2080,0),0) -> M | K47: workshop | L47: 72 | M47: Ahmed Saeed | N47: Fabrication | P47: =L47/0.6 -> 120
A48: 5 | B48: 5 | C48: 45662 | D48: CG001 | E48: =IFERROR(VLOOKUP($D48,본공사입.출고현황!$B:$H,E$2080,0),0) -> Steel round bar | F48: =IFERROR(VLOOKUP($D48,본공사입.출고현황!$B:$H,F$2080,0),0) -> Steel round bar(rebar) | G48: =IFERROR(VLOOKUP($D48,본공사입.출고현황!$B:$H,G$2080,0),0) -> CCGG | H48: =IFERROR(VLOOKUP($D48,본공사입.출고현황!$B:$H,H$2080,0),0) -> ф10, 1ton=1,620.7m | I48: =IFERROR(VLOOKUP($D48,본공사입.출고현황!$B:$H,I$2080,0),0) -> M | K48: workshop | L48: 78 | M48: Ahmed Saeed | N48: Fabrication | P48: =L48/0.6 -> 130
A49: 6 | B49: 6 | C49: 45665 | D49: CG002 | E49: =IFERROR(VLOOKUP($D49,본공사입.출고현황!$B:$H,E$2080,0),0) -> Angle | F49: =IFERROR(VLOOKUP($D49,본공사입.출고현황!$B:$H,F$2080,0),0) -> Angle 100x100x10 | G49: =IFERROR(VLOOKUP($D49,본공사입.출고현황!$B:$H,G$2080,0),0) -> CCGG | H49: =IFERROR(VLOOKUP($D49,본공사입.출고현황!$B:$H,H$2080,0),0) -> 100x100x10 (12m) | I49: =IFERROR(VLOOKUP($D49,본공사입.출고현황!$B:$H,I$2080,0),0) -> M | J49: 3 | K49: 30UMA | L49: 50
A50: 7 | B50: 7 | C50: 45668 | D50: CO016 | E50: =IFERROR(VLOOKUP($D50,본공사입.출고현황!$B:$H,E$2080,0),0) -> Sup't | F50: =IFERROR(VLOOKUP($D50,본공사입.출고현황!$B:$H,F$2080,0),0) -> Angle 50x50x5 | G50: =IFERROR(VLOOKUP($D50,본공사입.출고현황!$B:$H,G$2080,0),0) -> Angle | H50: =IFERROR(VLOOKUP($D50,본공사입.출고현황!$B:$H,H$2080,0),0) -> 50*50*5 | I50: =IFERROR(VLOOKUP($D50,본공사입.출고현황!$B:$H,I$2080,0),0) -> M | J50: 3 | K50: 30UMA | L50: 25 | N50: 50*0.5=25m
A51: 8 | B51: 8 | C51: 45668 | D51: CO016 | E51: =IFERROR(VLOOKUP($D51,본공사입.출고현황!$B:$H,E$2080,0),0) -> Sup't | F51: =IFERROR(VLOOKUP($D51,본공사입.출고현황!$B:$H,F$2080,0),0) -> Angle 50x50x5 | G51: =IFERROR(VLOOKUP($D51,본공사입.출고현황!$B:$H,G$2080,0),0) -> Angle | H51: =IFERROR(VLOOKUP($D51,본공사입.출고현황!$B:$H,H$2080,0),0) -> 50*50*5 | I51: =IFERROR(VLOOKUP($D51,본공사입.출고현황!$B:$H,I$2080,0),0) -> M | J51: 3 | K51: 30UMA | L51: 6
A52: 9 | B52: 9 | C52: 45668 | D52: CO007 | E52: =IFERROR(VLOOKUP($D52,본공사입.출고현황!$B:$H,E$2080,0),0) -> Conduit | F52: =IFERROR(VLOOKUP($D52,본공사입.출고현황!$B:$H,F$2080,0),0) -> Conduit 108x4.0 | G52: =IFERROR(VLOOKUP($D52,본공사입.출고현황!$B:$H,G$2080,0),0) -> Conduit | H52: =IFERROR(VLOOKUP($D52,본공사입.출고현황!$B:$H,H$2080,0),0) -> 108x4 | I52: =IFERROR(VLOOKUP($D52,본공사입.출고현황!$B:$H,I$2080,0),0) -> M | J52: 3 | K52: 30UMA | L52: 10
A53: 10 | B53: 10 | C53: 45668 | D53: CG001 | E53: =IFERROR(VLOOKUP($D53,본공사입.출고현황!$B:$H,E$2080,0),0) -> Steel round bar | F53: =IFERROR(VLOOKUP($D53,본공사입.출고현황!$B:$H,F$2080,0),0) -> Steel round bar(rebar) | G53: =IFERROR(VLOOKUP($D53,본공사입.출고현황!$B:$H,G$2080,0),0) -> CCGG | H53: =IFERROR(VLOOKUP($D53,본공사입.출고현황!$B:$H,H$2080,0),0) -> ф10, 1ton=1,620.7m | I53: =IFERROR(VLOOKUP($D53,본공사입.출고현황!$B:$H,I$2080,0),0) -> M | J53: 3 | K53: 30UMA | L53: 30 | N53: 50*0.6=30m
A54: 11 | B54: 11 | C54: 45669 | D54: CG001 | E54: =IFERROR(VLOOKUP($D54,본공사입.출고현황!$B:$H,E$2080,0),0) -> Steel round bar | F54: =IFERROR(VLOOKUP($D54,본공사입.출고현황!$B:$H,F$2080,0),0) -> Steel round bar(rebar) | G54: =IFERROR(VLOOKUP($D54,본공사입.출고현황!$B:$H,G$2080,0),0) -> CCGG | H54: =IFERROR(VLOOKUP($D54,본공사입.출고현황!$B:$H,H$2080,0),0) -> ф10, 1ton=1,620.7m | I54: =IFERROR(VLOOKUP($D54,본공사입.출고현황!$B:$H,I$2080,0),0) -> M | K54: workshop | L54: 97 | M54: Ahmed Saeed | N54: Fabrication
A55: 12 | B55: 12 | C55: 45669 | D55: CG001 | E55: =IFERROR(VLOOKUP($D55,본공사입.출고현황!$B:$H,E$2080,0),0) -> Steel round bar | F55: =IFERROR(VLOOKUP($D55,본공사입.출고현황!$B:$H,F$2080,0),0) -> Steel round bar(rebar) | G55: =IFERROR(VLOOKUP($D55,본공사입.출고현황!$B:$H,G$2080,0),0) -> CCGG | H55: =IFERROR(VLOOKUP($D55,본공사입.출고현황!$B:$H,H$2080,0),0) -> ф10, 1ton=1,620.7m | I55: =IFERROR(VLOOKUP($D55,본공사입.출고현황!$B:$H,I$2080,0),0) -> M | K55: workshop | L55: 105 | M55: Ahmed Saeed | N55: Fabrication
A56: 13 | B56: 13 | C56: 45671 | D56: CG001 | E56: =IFERROR(VLOOKUP($D56,본공사입.출고현황!$B:$H,E$2080,0),0) -> Steel round bar | F56: =IFERROR(VLOOKUP($D56,본공사입.출고현황!$B:$H,F$2080,0),0) -> Steel round bar(rebar) | G56: =IFERROR(VLOOKUP($D56,본공사입.출고현황!$B:$H,G$2080,0),0) -> CCGG | H56: =IFERROR(VLOOKUP($D56,본공사입.출고현황!$B:$H,H$2080,0),0) -> ф10, 1ton=1,620.7m | I56: =IFERROR(VLOOKUP($D56,본공사입.출고현황!$B:$H,I$2080,0),0) -> M | J56: 1 | K56: 10UGB | L56: 100
A57: 14 | B57: 14 | C57: 45673 | D57: CG001 | E57: =IFERROR(VLOOKUP($D57,본공사입.출고현황!$B:$H,E$2080,0),0) -> Steel round bar | F57: =IFERROR(VLOOKUP($D57,본공사입.출고현황!$B:$H,F$2080,0),0) -> Steel round bar(rebar) | G57: =IFERROR(VLOOKUP($D57,본공사입.출고현황!$B:$H,G$2080,0),0) -> CCGG | H57: =IFERROR(VLOOKUP($D57,본공사입.출고현황!$B:$H,H$2080,0),0) -> ф10, 1ton=1,620.7m | I57: =IFERROR(VLOOKUP($D57,본공사입.출고현황!$B:$H,I$2080,0),0) -> M | L57: 480 | N57: Fabrication
A58: 15 | B58: 15 | C58: 45674 | D58: CG001 | E58: =IFERROR(VLOOKUP($D58,본공사입.출고현황!$B:$H,E$2080,0),0) -> Steel round bar | F58: =IFERROR(VLOOKUP($D58,본공사입.출고현황!$B:$H,F$2080,0),0) -> Steel round bar(rebar) | G58: =IFERROR(VLOOKUP($D58,본공사입.출고현황!$B:$H,G$2080,0),0) -> CCGG | H58: =IFERROR(VLOOKUP($D58,본공사입.출고현황!$B:$H,H$2080,0),0) -> ф10, 1ton=1,620.7m | I58: =IFERROR(VLOOKUP($D58,본공사입.출고현황!$B:$H,I$2080,0),0) -> M | L58: 280 | N58: Fabrication
A59: 16 | B59: 16 | C59: 45712 | D59: GR001 | E59: =IFERROR(VLOOKUP($D59,본공사입.출고현황!$B:$H,E$2080,0),0) -> Ground | F59: =IFERROR(VLOOKUP($D59,본공사입.출고현황!$B:$H,F$2080,0),0) -> Ground Cable 78SQ | G59: =IFERROR(VLOOKUP($D59,본공사입.출고현황!$B:$H,G$2080,0),0) -> Ground Cable | H59: =IFERROR(VLOOKUP($D59,본공사입.출고현황!$B:$H,H$2080,0),0) -> 78SQ | I59: =IFERROR(VLOOKUP($D59,본공사입.출고현황!$B:$H,I$2080,0),0) -> M | J59: 4 | K59: 40UMA | L59: 505 | N59: bay4.3~4.5, 2/20~2-/24
A60: 17 | B60: 17 | C60: 45712 | D60: GR005 | E60: =IFERROR(VLOOKUP($D60,본공사입.출고현황!$B:$H,E$2080,0),0) -> Ground | F60: =IFERROR(VLOOKUP($D60,본공사입.출고현황!$B:$H,F$2080,0),0) -> Cadweld Powder #115 | G60: =IFERROR(VLOOKUP($D60,본공사입.출고현황!$B:$H,G$2080,0),0) -> Cadweld Powder | H60: =IFERROR(VLOOKUP($D60,본공사입.출고현황!$B:$H,H$2080,0),0) -> #115 | I60: =IFERROR(VLOOKUP($D60,본공사입.출고현황!$B:$H,I$2080,0),0) -> EA | J60: 4 | K60: 40UMA | L60: 4 | N60: bay4.3~4.5, 2/20~2-/24
A61: 18 | B61: 18 | C61: 45712 | D61: GR007 | E61: =IFERROR(VLOOKUP($D61,본공사입.출고현황!$B:$H,E$2080,0),0) -> Ground | F61: =IFERROR(VLOOKUP($D61,본공사입.출고현황!$B:$H,F$2080,0),0) -> Cadweld Powder #200 | G61: =IFERROR(VLOOKUP($D61,본공사입.출고현황!$B:$H,G$2080,0),0) -> Cadweld Powder | H61: =IFERROR(VLOOKUP($D61,본공사입.출고현황!$B:$H,H$2080,0),0) -> #200 | I61: =IFERROR(VLOOKUP($D61,본공사입.출고현황!$B:$H,I$2080,0),0) -> EA | J61: 4 | K61: 40UMA | L61: 32 | N61: bay4.3~4.5, 2/20~2-/24
A62: 19 | B62: 19 | C62: 45712 | D62: GR011 | E62: =IFERROR(VLOOKUP($D62,본공사입.출고현황!$B:$H,E$2080,0),0) -> Ground | F62: =IFERROR(VLOOKUP($D62,본공사입.출고현황!$B:$H,F$2080,0),0) -> Zinc Spray | G62: =IFERROR(VLOOKUP($D62,본공사입.출고현황!$B:$H,G$2080,0),0) -> Zinc Spray | H62: =IFERROR(VLOOKUP($D62,본공사입.출고현황!$B:$H,H$2080,0),0) -> 0 | I62: =IFERROR(VLOOKUP($D62,본공사입.출고현황!$B:$H,I$2080,0),0) -> EA | J62: 4 | K62: 40UMA | L62: 4 | N62: bay4.3~4.5, 2/20~2-/24
A63: 20 | B63: 20 | C63: 45712 | D63: GR013 | E63: =IFERROR(VLOOKUP($D63,본공사입.출고현황!$B:$H,E$2080,0),0) -> Ground Conduit | F63: =IFERROR(VLOOKUP($D63,본공사입.출고현황!$B:$H,F$2080,0),0) -> Flexible Conduit 2" | G63: =IFERROR(VLOOKUP($D63,본공사입.출고현황!$B:$H,G$2080,0),0) -> Ground Conduit | H63: =IFERROR(VLOOKUP($D63,본공사입.출고현황!$B:$H,H$2080,0),0) -> 2" | I63: =IFERROR(VLOOKUP($D63,본공사입.출고현황!$B:$H,I$2080,0),0) -> M | J63: 4 | K63: 40UMA | L63: 14 | N63: bay4.3~4.5, 2/20~2-/24
A64: 21 | B64: 21 | C64: 45714 | D64: CG001 | E64: =IFERROR(VLOOKUP($D64,본공사입.출고현황!$B:$H,E$2080,0),0) -> Steel round bar | F64: =IFERROR(VLOOKUP($D64,본공사입.출고현황!$B:$H,F$2080,0),0) -> Steel round bar(rebar) | G64: =IFERROR(VLOOKUP($D64,본공사입.출고현황!$B:$H,G$2080,0),0) -> CCGG | H64: =IFERROR(VLOOKUP($D64,본공사입.출고현황!$B:$H,H$2080,0),0) -> ф10, 1ton=1,620.7m | I64: =IFERROR(VLOOKUP($D64,본공사입.출고현황!$B:$H,I$2080,0),0) -> M | J64: 0 | L64: 150 | M64: Ahmed Saeed
A65: 22 | B65: 22 | C65: 45729 | D65: CG001 | E65: =IFERROR(VLOOKUP($D65,본공사입.출고현황!$B:$H,E$2080,0),0) -> Steel round bar | F65: =IFERROR(VLOOKUP($D65,본공사입.출고현황!$B:$H,F$2080,0),0) -> Steel round bar(rebar) | G65: =IFERROR(VLOOKUP($D65,본공사입.출고현황!$B:$H,G$2080,0),0) -> CCGG | H65: =IFERROR(VLOOKUP($D65,본공사입.출고현황!$B:$H,H$2080,0),0) -> ф10, 1ton=1,620.7m | I65: =IFERROR(VLOOKUP($D65,본공사입.출고현황!$B:$H,I$2080,0),0) -> M | J65: 4 | K65: 40UGB | L65: 300 | M65: Ahmed Saeed
A66: 23 | B66: 23 | C66: 45731 | D66: CG001 | E66: =IFERROR(VLOOKUP($D66,본공사입.출고현황!$B:$H,E$2080,0),0) -> Steel round bar | F66: =IFERROR(VLOOKUP($D66,본공사입.출고현황!$B:$H,F$2080,0),0) -> Steel round bar(rebar) | G66: =IFERROR(VLOOKUP($D66,본공사입.출고현황!$B:$H,G$2080,0),0) -> CCGG | H66: =IFERROR(VLOOKUP($D66,본공사입.출고현황!$B:$H,H$2080,0),0) -> ф10, 1ton=1,620.7m | I66: =IFERROR(VLOOKUP($D66,본공사입.출고현황!$B:$H,I$2080,0),0) -> M | J66: 0 | L66: 200 | M66: Ahmed Saeed
A67: 24 | B67: 24 | C67: 45732 | D67: CG001 | E67: =IFERROR(VLOOKUP($D67,본공사입.출고현황!$B:$H,E$2080,0),0) -> Steel round bar | F67: =IFERROR(VLOOKUP($D67,본공사입.출고현황!$B:$H,F$2080,0),0) -> Steel round bar(rebar) | G67: =IFERROR(VLOOKUP($D67,본공사입.출고현황!$B:$H,G$2080,0),0) -> CCGG | H67: =IFERROR(VLOOKUP($D67,본공사입.출고현황!$B:$H,H$2080,0),0) -> ф10, 1ton=1,620.7m | I67: =IFERROR(VLOOKUP($D67,본공사입.출고현황!$B:$H,I$2080,0),0) -> M | J67: 1 | K67: 10UMA | L67: 360 | M67: Ahmed Saeed
A68: 25 | B68: 25 | C68: 45733 | D68: CG001 | E68: =IFERROR(VLOOKUP($D68,본공사입.출고현황!$B:$H,E$2080,0),0) -> Steel round bar | F68: =IFERROR(VLOOKUP($D68,본공사입.출고현황!$B:$H,F$2080,0),0) -> Steel round bar(rebar) | G68: =IFERROR(VLOOKUP($D68,본공사입.출고현황!$B:$H,G$2080,0),0) -> CCGG | H68: =IFERROR(VLOOKUP($D68,본공사입.출고현황!$B:$H,H$2080,0),0) -> ф10, 1ton=1,620.7m | I68: =IFERROR(VLOOKUP($D68,본공사입.출고현황!$B:$H,I$2080,0),0) -> M | J68: 1 | K68: 10UMA | L68: 410 | M68: Ahmed Saeed
A69: 26 | B69: 26 | C69: 45734 | D69: CG001 | E69: =IFERROR(VLOOKUP($D69,본공사입.출고현황!$B:$H,E$2080,0),0) -> Steel round bar | F69: =IFERROR(VLOOKUP($D69,본공사입.출고현황!$B:$H,F$2080,0),0) -> Steel round bar(rebar) | G69: =IFERROR(VLOOKUP($D69,본공사입.출고현황!$B:$H,G$2080,0),0) -> CCGG | H69: =IFERROR(VLOOKUP($D69,본공사입.출고현황!$B:$H,H$2080,0),0) -> ф10, 1ton=1,620.7m | I69: =IFERROR(VLOOKUP($D69,본공사입.출고현황!$B:$H,I$2080,0),0) -> M | J69: 1 | K69: 10UMA | L69: 60 | M69: Ahmed Saeed
A70: 27 | B70: 27 | C70: 45735 | D70: CG001 | E70: =IFERROR(VLOOKUP($D70,본공사입.출고현황!$B:$H,E$2080,0),0) -> Steel round bar | F70: =IFERROR(VLOOKUP($D70,본공사입.출고현황!$B:$H,F$2080,0),0) -> Steel round bar(rebar) | G70: =IFERROR(VLOOKUP($D70,본공사입.출고현황!$B:$H,G$2080,0),0) -> CCGG | H70: =IFERROR(VLOOKUP($D70,본공사입.출고현황!$B:$H,H$2080,0),0) -> ф10, 1ton=1,620.7m | I70: =IFERROR(VLOOKUP($D70,본공사입.출고현황!$B:$H,I$2080,0),0) -> M | J70: 0 | K70: workshop | L70: 400 | M70: Ahmed Saeed | N70: Fabrication
A71: 28 | B71: 28 | C71: 45735 | D71: CO016 | E71: =IFERROR(VLOOKUP($D71,본공사입.출고현황!$B:$H,E$2080,0),0) -> Sup't | F71: =IFERROR(VLOOKUP($D71,본공사입.출고현황!$B:$H,F$2080,0),0) -> Angle 50x50x5 | G71: =IFERROR(VLOOKUP($D71,본공사입.출고현황!$B:$H,G$2080,0),0) -> Angle | H71: =IFERROR(VLOOKUP($D71,본공사입.출고현황!$B:$H,H$2080,0),0) -> 50*50*5 | I71: =IFERROR(VLOOKUP($D71,본공사입.출고현황!$B:$H,I$2080,0),0) -> M | J71: 0 | K71: workshop | M71: Hussien Elsayed | N71: Fabrication
A72: 29 | B72: 29 | C72: 45739 | D72: CG001 | E72: =IFERROR(VLOOKUP($D72,본공사입.출고현황!$B:$H,E$2080,0),0) -> Steel round bar | F72: =IFERROR(VLOOKUP($D72,본공사입.출고현황!$B:$H,F$2080,0),0) -> Steel round bar(rebar) | G72: =IFERROR(VLOOKUP($D72,본공사입.출고현황!$B:$H,G$2080,0),0) -> CCGG | H72: =IFERROR(VLOOKUP($D72,본공사입.출고현황!$B:$H,H$2080,0),0) -> ф10, 1ton=1,620.7m | I72: =IFERROR(VLOOKUP($D72,본공사입.출고현황!$B:$H,I$2080,0),0) -> M | J72: 2 | K72: 20USJ | L72: 300 | M72: Hussien Elsayed
A73: 30 | B73: 30 | C73: 45741 | D73: CG001 | E73: =IFERROR(VLOOKUP($D73,본공사입.출고현황!$B:$H,E$2080,0),0) -> Steel round bar | F73: =IFERROR(VLOOKUP($D73,본공사입.출고현황!$B:$H,F$2080,0),0) -> Steel round bar(rebar) | G73: =IFERROR(VLOOKUP($D73,본공사입.출고현황!$B:$H,G$2080,0),0) -> CCGG | H73: =IFERROR(VLOOKUP($D73,본공사입.출고현황!$B:$H,H$2080,0),0) -> ф10, 1ton=1,620.7m | I73: =IFERROR(VLOOKUP($D73,본공사입.출고현황!$B:$H,I$2080,0),0) -> M | J73: 4 | K73: 40UGB | L73: 400 | M73: Hussien Elsayed
A74: 31 | B74: 31 | C74: 45742 | D74: CG001 | E74: =IFERROR(VLOOKUP($D74,본공사입.출고현황!$B:$H,E$2080,0),0) -> Steel round bar | F74: =IFERROR(VLOOKUP($D74,본공사입.출고현황!$B:$H,F$2080,0),0) -> Steel round bar(rebar) | G74: =IFERROR(VLOOKUP($D74,본공사입.출고현황!$B:$H,G$2080,0),0) -> CCGG | H74: =IFERROR(VLOOKUP($D74,본공사입.출고현황!$B:$H,H$2080,0),0) -> ф10, 1ton=1,620.7m | I74: =IFERROR(VLOOKUP($D74,본공사입.출고현황!$B:$H,I$2080,0),0) -> M | K74: workshop | L74: 140 | M74: Hussien Elsayed | N74: Fabrication
A75: 32 | B75: 32 | C75: 45743 | D75: CG001 | E75: =IFERROR(VLOOKUP($D75,본공사입.출고현황!$B:$H,E$2080,0),0) -> Steel round bar | F75: =IFERROR(VLOOKUP($D75,본공사입.출고현황!$B:$H,F$2080,0),0) -> Steel round bar(rebar) | G75: =IFERROR(VLOOKUP($D75,본공사입.출고현황!$B:$H,G$2080,0),0) -> CCGG | H75: =IFERROR(VLOOKUP($D75,본공사입.출고현황!$B:$H,H$2080,0),0) -> ф10, 1ton=1,620.7m | I75: =IFERROR(VLOOKUP($D75,본공사입.출고현황!$B:$H,I$2080,0),0) -> M | K75: workshop | L75: 175 | M75: Hussien Elsayed | N75: Fabrication
A76: 33 | B76: 33 | C76: 45743 | D76: CG002 | E76: =IFERROR(VLOOKUP($D76,본공사입.출고현황!$B:$H,E$2080,0),0) -> Angle | F76: =IFERROR(VLOOKUP($D76,본공사입.출고현황!$B:$H,F$2080,0),0) -> Angle 100x100x10 | G76: =IFERROR(VLOOKUP($D76,본공사입.출고현황!$B:$H,G$2080,0),0) -> CCGG | H76: =IFERROR(VLOOKUP($D76,본공사입.출고현황!$B:$H,H$2080,0),0) -> 100x100x10 (12m) | I76: =IFERROR(VLOOKUP($D76,본공사입.출고현황!$B:$H,I$2080,0),0) -> M | J76: 2 | K76: 20USJ | L76: 5 | M76: Hussien Elsayed
A77: 34 | B77: 34 | C77: 45743 | D77: CO016 | E77: =IFERROR(VLOOKUP($D77,본공사입.출고현황!$B:$H,E$2080,0),0) -> Sup't | F77: =IFERROR(VLOOKUP($D77,본공사입.출고현황!$B:$H,F$2080,0),0) -> Angle 50x50x5 | G77: =IFERROR(VLOOKUP($D77,본공사입.출고현황!$B:$H,G$2080,0),0) -> Angle | H77: =IFERROR(VLOOKUP($D77,본공사입.출고현황!$B:$H,H$2080,0),0) -> 50*50*5 | I77: =IFERROR(VLOOKUP($D77,본공사입.출고현황!$B:$H,I$2080,0),0) -> M | J77: 4 | K77: 40UGB | L77: 6 | M77: Hussien Elsayed
A78: 35 | B78: 35 | C78: 45743 | D78: GR001 | E78: =IFERROR(VLOOKUP($D78,본공사입.출고현황!$B:$H,E$2080,0),0) -> Ground | F78: =IFERROR(VLOOKUP($D78,본공사입.출고현황!$B:$H,F$2080,0),0) -> Ground Cable 78SQ | G78: =IFERROR(VLOOKUP($D78,본공사입.출고현황!$B:$H,G$2080,0),0) -> Ground Cable | H78: =IFERROR(VLOOKUP($D78,본공사입.출고현황!$B:$H,H$2080,0),0) -> 78SQ | I78: =IFERROR(VLOOKUP($D78,본공사입.출고현황!$B:$H,I$2080,0),0) -> M | J78: 4 | K78: 40UGB | L78: 100
A79: 36 | B79: 36 | C79: 45743 | D79: GR007 | E79: =IFERROR(VLOOKUP($D79,본공사입.출고현황!$B:$H,E$2080,0),0) -> Ground | F79: =IFERROR(VLOOKUP($D79,본공사입.출고현황!$B:$H,F$2080,0),0) -> Cadweld Powder #200 | G79: =IFERROR(VLOOKUP($D79,본공사입.출고현황!$B:$H,G$2080,0),0) -> Cadweld Powder | H79: =IFERROR(VLOOKUP($D79,본공사입.출고현황!$B:$H,H$2080,0),0) -> #200 | I79: =IFERROR(VLOOKUP($D79,본공사입.출고현황!$B:$H,I$2080,0),0) -> EA | J79: 4 | K79: 40UGB | L79: 20
A80: 37 | B80: 37 | C80: 45755 | D80: GR001 | E80: =IFERROR(VLOOKUP($D80,본공사입.출고현황!$B:$H,E$2080,0),0) -> Ground | F80: =IFERROR(VLOOKUP($D80,본공사입.출고현황!$B:$H,F$2080,0),0) -> Ground Cable 78SQ | G80: =IFERROR(VLOOKUP($D80,본공사입.출고현황!$B:$H,G$2080,0),0) -> Ground Cable | H80: =IFERROR(VLOOKUP($D80,본공사입.출고현황!$B:$H,H$2080,0),0) -> 78SQ | I80: =IFERROR(VLOOKUP($D80,본공사입.출고현황!$B:$H,I$2080,0),0) -> M | L80: 60
A81: 38 | B81: 38 | C81: 45756 | D81: GR001 | E81: =IFERROR(VLOOKUP($D81,본공사입.출고현황!$B:$H,E$2080,0),0) -> Ground | F81: =IFERROR(VLOOKUP($D81,본공사입.출고현황!$B:$H,F$2080,0),0) -> Ground Cable 78SQ | G81: =IFERROR(VLOOKUP($D81,본공사입.출고현황!$B:$H,G$2080,0),0) -> Ground Cable | H81: =IFERROR(VLOOKUP($D81,본공사입.출고현황!$B:$H,H$2080,0),0) -> 78SQ | I81: =IFERROR(VLOOKUP($D81,본공사입.출고현황!$B:$H,I$2080,0),0) -> M | L81: 60
A82: 39 | B82: 39 | C82: 45759 | D82: CG001 | E82: =IFERROR(VLOOKUP($D82,본공사입.출고현황!$B:$H,E$2080,0),0) -> Steel round bar | F82: =IFERROR(VLOOKUP($D82,본공사입.출고현황!$B:$H,F$2080,0),0) -> Steel round bar(rebar) | G82: =IFERROR(VLOOKUP($D82,본공사입.출고현황!$B:$H,G$2080,0),0) -> CCGG | H82: =IFERROR(VLOOKUP($D82,본공사입.출고현황!$B:$H,H$2080,0),0) -> ф10, 1ton=1,620.7m | I82: =IFERROR(VLOOKUP($D82,본공사입.출고현황!$B:$H,I$2080,0),0) -> M | L82: 670 | M82: Hussien Elsayed
A83: 40 | B83: 40 | C83: 45760 | D83: CG001 | E83: =IFERROR(VLOOKUP($D83,본공사입.출고현황!$B:$H,E$2080,0),0) -> Steel round bar | F83: =IFERROR(VLOOKUP($D83,본공사입.출고현황!$B:$H,F$2080,0),0) -> Steel round bar(rebar) | G83: =IFERROR(VLOOKUP($D83,본공사입.출고현황!$B:$H,G$2080,0),0) -> CCGG | H83: =IFERROR(VLOOKUP($D83,본공사입.출고현황!$B:$H,H$2080,0),0) -> ф10, 1ton=1,620.7m | I83: =IFERROR(VLOOKUP($D83,본공사입.출고현황!$B:$H,I$2080,0),0) -> M | L83: 180 | M83: Hussien Elsayed
A84: 41 | B84: 41 | C84: 45763 | D84: CG001 | E84: =IFERROR(VLOOKUP($D84,본공사입.출고현황!$B:$H,E$2080,0),0) -> Steel round bar | F84: =IFERROR(VLOOKUP($D84,본공사입.출고현황!$B:$H,F$2080,0),0) -> Steel round bar(rebar) | G84: =IFERROR(VLOOKUP($D84,본공사입.출고현황!$B:$H,G$2080,0),0) -> CCGG | H84: =IFERROR(VLOOKUP($D84,본공사입.출고현황!$B:$H,H$2080,0),0) -> ф10, 1ton=1,620.7m | I84: =IFERROR(VLOOKUP($D84,본공사입.출고현황!$B:$H,I$2080,0),0) -> M | L84: 280 | M84: Hussien Elsayed
A85: 42 | B85: 42 | C85: 45763 | D85: GR007 | E85: =IFERROR(VLOOKUP($D85,본공사입.출고현황!$B:$H,E$2080,0),0) -> Ground | F85: =IFERROR(VLOOKUP($D85,본공사입.출고현황!$B:$H,F$2080,0),0) -> Cadweld Powder #200 | G85: =IFERROR(VLOOKUP($D85,본공사입.출고현황!$B:$H,G$2080,0),0) -> Cadweld Powder | H85: =IFERROR(VLOOKUP($D85,본공사입.출고현황!$B:$H,H$2080,0),0) -> #200 | I85: =IFERROR(VLOOKUP($D85,본공사입.출고현황!$B:$H,I$2080,0),0) -> EA | L85: 10 | M85: salama
A86: 43 | B86: 43 | C86: 45761 | D86: CO007 | E86: =IFERROR(VLOOKUP($D86,본공사입.출고현황!$B:$H,E$2080,0),0) -> Conduit | F86: =IFERROR(VLOOKUP($D86,본공사입.출고현황!$B:$H,F$2080,0),0) -> Conduit 108x4.0 | G86: =IFERROR(VLOOKUP($D86,본공사입.출고현황!$B:$H,G$2080,0),0) -> Conduit | H86: =IFERROR(VLOOKUP($D86,본공사입.출고현황!$B:$H,H$2080,0),0) -> 108x4 | I86: =IFERROR(VLOOKUP($D86,본공사입.출고현황!$B:$H,I$2080,0),0) -> M | J86: 4 | L86: 40 | M86: Hussien Elsayed
A87: 44 | B87: 44 | C87: 45761 | D87: CO004 | E87: =IFERROR(VLOOKUP($D87,본공사입.출고현황!$B:$H,E$2080,0),0) -> Conduit | F87: =IFERROR(VLOOKUP($D87,본공사입.출고현황!$B:$H,F$2080,0),0) -> Conduit 159x4.5 | G87: =IFERROR(VLOOKUP($D87,본공사입.출고현황!$B:$H,G$2080,0),0) -> Conduit | H87: =IFERROR(VLOOKUP($D87,본공사입.출고현황!$B:$H,H$2080,0),0) -> 159x4.5 | I87: =IFERROR(VLOOKUP($D87,본공사입.출고현황!$B:$H,I$2080,0),0) -> M | J87: 4 | L87: 80 | M87: Hussien Elsayed
A88: 45 | B88: 45 | C88: 45762 | D88: CO007 | E88: =IFERROR(VLOOKUP($D88,본공사입.출고현황!$B:$H,E$2080,0),0) -> Conduit | F88: =IFERROR(VLOOKUP($D88,본공사입.출고현황!$B:$H,F$2080,0),0) -> Conduit 108x4.0 | G88: =IFERROR(VLOOKUP($D88,본공사입.출고현황!$B:$H,G$2080,0),0) -> Conduit | H88: =IFERROR(VLOOKUP($D88,본공사입.출고현황!$B:$H,H$2080,0),0) -> 108x4 | I88: =IFERROR(VLOOKUP($D88,본공사입.출고현황!$B:$H,I$2080,0),0) -> M | J88: 3 | L88: 84 | M88: Hussien Elsayed
A89: 46 | B89: 46 | C89: 45762 | D89: CO003 | E89: =IFERROR(VLOOKUP($D89,본공사입.출고현황!$B:$H,E$2080,0),0) -> Conduit | F89: =IFERROR(VLOOKUP($D89,본공사입.출고현황!$B:$H,F$2080,0),0) -> Conduit (Galvanized) 168x6 | G89: =IFERROR(VLOOKUP($D89,본공사입.출고현황!$B:$H,G$2080,0),0) -> Conduit (Galvanized) | H89: =IFERROR(VLOOKUP($D89,본공사입.출고현황!$B:$H,H$2080,0),0) -> 168x6 | I89: =IFERROR(VLOOKUP($D89,본공사입.출고현황!$B:$H,I$2080,0),0) -> M | J89: 3 | L89: 24 | M89: Hussien Elsayed | P89: CO003→CO004 바뀌어야함??
A90: 47 | B90: 47 | C90: 45763 | D90: GR001 | E90: =IFERROR(VLOOKUP($D90,본공사입.출고현황!$B:$H,E$2080,0),0) -> Ground | F90: =IFERROR(VLOOKUP($D90,본공사입.출고현황!$B:$H,F$2080,0),0) -> Ground Cable 78SQ | G90: =IFERROR(VLOOKUP($D90,본공사입.출고현황!$B:$H,G$2080,0),0) -> Ground Cable | H90: =IFERROR(VLOOKUP($D90,본공사입.출고현황!$B:$H,H$2080,0),0) -> 78SQ | I90: =IFERROR(VLOOKUP($D90,본공사입.출고현황!$B:$H,I$2080,0),0) -> M | J90: 3 | L90: 60 | M90: salama
A91: 48 | B91: 48 | C91: 45766 | D91: CG001 | E91: =IFERROR(VLOOKUP($D91,본공사입.출고현황!$B:$H,E$2080,0),0) -> Steel round bar | F91: =IFERROR(VLOOKUP($D91,본공사입.출고현황!$B:$H,F$2080,0),0) -> Steel round bar(rebar) | G91: =IFERROR(VLOOKUP($D91,본공사입.출고현황!$B:$H,G$2080,0),0) -> CCGG | H91: =IFERROR(VLOOKUP($D91,본공사입.출고현황!$B:$H,H$2080,0),0) -> ф10, 1ton=1,620.7m | I91: =IFERROR(VLOOKUP($D91,본공사입.출고현황!$B:$H,I$2080,0),0) -> M | L91: 60 | M91: Taleb
A92: 49 | B92: 49 | C92: 45767 | D92: CG001 | E92: =IFERROR(VLOOKUP($D92,본공사입.출고현황!$B:$H,E$2080,0),0) -> Steel round bar | F92: =IFERROR(VLOOKUP($D92,본공사입.출고현황!$B:$H,F$2080,0),0) -> Steel round bar(rebar) | G92: =IFERROR(VLOOKUP($D92,본공사입.출고현황!$B:$H,G$2080,0),0) -> CCGG | H92: =IFERROR(VLOOKUP($D92,본공사입.출고현황!$B:$H,H$2080,0),0) -> ф10, 1ton=1,620.7m | I92: =IFERROR(VLOOKUP($D92,본공사입.출고현황!$B:$H,I$2080,0),0) -> M | L92: 375 | M92: Taleb
A93: 50 | B93: 50 | C93: 45768 | D93: CO016 | E93: =IFERROR(VLOOKUP($D93,본공사입.출고현황!$B:$H,E$2080,0),0) -> Sup't | F93: =IFERROR(VLOOKUP($D93,본공사입.출고현황!$B:$H,F$2080,0),0) -> Angle 50x50x5 | G93: =IFERROR(VLOOKUP($D93,본공사입.출고현황!$B:$H,G$2080,0),0) -> Angle | H93: =IFERROR(VLOOKUP($D93,본공사입.출고현황!$B:$H,H$2080,0),0) -> 50*50*5 | I93: =IFERROR(VLOOKUP($D93,본공사입.출고현황!$B:$H,I$2080,0),0) -> M | J93: 4 | K93: 40UMA | L93: 4 | M93: Hussien Elsayed
A94: 51 | B94: 51 | C94: 45768 | D94: CG002 | E94: =IFERROR(VLOOKUP($D94,본공사입.출고현황!$B:$H,E$2080,0),0) -> Angle | F94: =IFERROR(VLOOKUP($D94,본공사입.출고현황!$B:$H,F$2080,0),0) -> Angle 100x100x10 | G94: =IFERROR(VLOOKUP($D94,본공사입.출고현황!$B:$H,G$2080,0),0) -> CCGG | H94: =IFERROR(VLOOKUP($D94,본공사입.출고현황!$B:$H,H$2080,0),0) -> 100x100x10 (12m) | I94: =IFERROR(VLOOKUP($D94,본공사입.출고현황!$B:$H,I$2080,0),0) -> M | J94: 1 | K94: 10UMA | L94: 12 | M94: Hussien Elsayed
A95: 52 | B95: 52 | C95: 45769 | D95: CO017 | E95: =IFERROR(VLOOKUP($D95,본공사입.출고현황!$B:$H,E$2080,0),0) -> Sup't | F95: =IFERROR(VLOOKUP($D95,본공사입.출고현황!$B:$H,F$2080,0),0) -> Angle 70x70x7 | G95: =IFERROR(VLOOKUP($D95,본공사입.출고현황!$B:$H,G$2080,0),0) -> Angle | H95: =IFERROR(VLOOKUP($D95,본공사입.출고현황!$B:$H,H$2080,0),0) -> 70*70*7 | I95: =IFERROR(VLOOKUP($D95,본공사입.출고현황!$B:$H,I$2080,0),0) -> M | J95: 4 | K95: 40UMA | L95: 3 | M95: Hussien Elsayed
A96: 53 | B96: 53 | C96: 45770 | D96: CG002 | E96: =IFERROR(VLOOKUP($D96,본공사입.출고현황!$B:$H,E$2080,0),0) -> Angle | F96: =IFERROR(VLOOKUP($D96,본공사입.출고현황!$B:$H,F$2080,0),0) -> Angle 100x100x10 | G96: =IFERROR(VLOOKUP($D96,본공사입.출고현황!$B:$H,G$2080,0),0) -> CCGG | H96: =IFERROR(VLOOKUP($D96,본공사입.출고현황!$B:$H,H$2080,0),0) -> 100x100x10 (12m) | I96: =IFERROR(VLOOKUP($D96,본공사입.출고현황!$B:$H,I$2080,0),0) -> M | J96: 1 | K96: 10UMA | L96: 12 | M96: Hussien Elsayed
A97: 54 | B97: 54 | C97: 45771 | D97: CO016 | E97: =IFERROR(VLOOKUP($D97,본공사입.출고현황!$B:$H,E$2080,0),0) -> Sup't | F97: =IFERROR(VLOOKUP($D97,본공사입.출고현황!$B:$H,F$2080,0),0) -> Angle 50x50x5 | G97: =IFERROR(VLOOKUP($D97,본공사입.출고현황!$B:$H,G$2080,0),0) -> Angle | H97: =IFERROR(VLOOKUP($D97,본공사입.출고현황!$B:$H,H$2080,0),0) -> 50*50*5 | I97: =IFERROR(VLOOKUP($D97,본공사입.출고현황!$B:$H,I$2080,0),0) -> M | J97: 2 | K97: 20UMA | L97: 4 | M97: Hussien Elsayed
A98: 55 | B98: 55 | C98: 45772 | D98: CO016 | E98: =IFERROR(VLOOKUP($D98,본공사입.출고현황!$B:$H,E$2080,0),0) -> Sup't | F98: =IFERROR(VLOOKUP($D98,본공사입.출고현황!$B:$H,F$2080,0),0) -> Angle 50x50x5 | G98: =IFERROR(VLOOKUP($D98,본공사입.출고현황!$B:$H,G$2080,0),0) -> Angle | H98: =IFERROR(VLOOKUP($D98,본공사입.출고현황!$B:$H,H$2080,0),0) -> 50*50*5 | I98: =IFERROR(VLOOKUP($D98,본공사입.출고현황!$B:$H,I$2080,0),0) -> M | J98: 2 | K98: 20USJ | L98: 10 | M98: Hussien Elsayed
A99: 56 | B99: 56 | C99: 45772 | D99: CG002 | E99: =IFERROR(VLOOKUP($D99,본공사입.출고현황!$B:$H,E$2080,0),0) -> Angle | F99: =IFERROR(VLOOKUP($D99,본공사입.출고현황!$B:$H,F$2080,0),0) -> Angle 100x100x10 | G99: =IFERROR(VLOOKUP($D99,본공사입.출고현황!$B:$H,G$2080,0),0) -> CCGG | H99: =IFERROR(VLOOKUP($D99,본공사입.출고현황!$B:$H,H$2080,0),0) -> 100x100x10 (12m) | I99: =IFERROR(VLOOKUP($D99,본공사입.출고현황!$B:$H,I$2080,0),0) -> M | J99: 3 | K99: 30USJ | L99: 30 | M99: Hussien Elsayed
A100: 57 | B100: 57 | C100: 45774 | D100: CO016 | E100: =IFERROR(VLOOKUP($D100,본공사입.출고현황!$B:$H,E$2080,0),0) -> Sup't | F100: =IFERROR(VLOOKUP($D100,본공사입.출고현황!$B:$H,F$2080,0),0) -> Angle 50x50x5 | G100: =IFERROR(VLOOKUP($D100,본공사입.출고현황!$B:$H,G$2080,0),0) -> Angle | H100: =IFERROR(VLOOKUP($D100,본공사입.출고현황!$B:$H,H$2080,0),0) -> 50*50*5 | I100: =IFERROR(VLOOKUP($D100,본공사입.출고현황!$B:$H,I$2080,0),0) -> M | L100: 24 | M100: Hussien Elsayed
A101: 58 | B101: 58 | C101: 45775 | D101: CO016 | E101: =IFERROR(VLOOKUP($D101,본공사입.출고현황!$B:$H,E$2080,0),0) -> Sup't | F101: =IFERROR(VLOOKUP($D101,본공사입.출고현황!$B:$H,F$2080,0),0) -> Angle 50x50x5 | G101: =IFERROR(VLOOKUP($D101,본공사입.출고현황!$B:$H,G$2080,0),0) -> Angle | H101: =IFERROR(VLOOKUP($D101,본공사입.출고현황!$B:$H,H$2080,0),0) -> 50*50*5 | I101: =IFERROR(VLOOKUP($D101,본공사입.출고현황!$B:$H,I$2080,0),0) -> M | L101: 36 | M101: Hussien Elsayed
A102: 59 | B102: 59 | C102: 45775 | D102: CG001 | E102: =IFERROR(VLOOKUP($D102,본공사입.출고현황!$B:$H,E$2080,0),0) -> Steel round bar | F102: =IFERROR(VLOOKUP($D102,본공사입.출고현황!$B:$H,F$2080,0),0) -> Steel round bar(rebar) | G102: =IFERROR(VLOOKUP($D102,본공사입.출고현황!$B:$H,G$2080,0),0) -> CCGG | H102: =IFERROR(VLOOKUP($D102,본공사입.출고현황!$B:$H,H$2080,0),0) -> ф10, 1ton=1,620.7m | I102: =IFERROR(VLOOKUP($D102,본공사입.출고현황!$B:$H,I$2080,0),0) -> M | L102: 600 | M102: Hussien Elsayed
A103: 60 | B103: 60 | C103: 45776 | D103: CO010 | E103: =IFERROR(VLOOKUP($D103,본공사입.출고현황!$B:$H,E$2080,0),0) -> Conduit Fitting | F103: =IFERROR(VLOOKUP($D103,본공사입.출고현황!$B:$H,F$2080,0),0) -> Conduit Coupling 168x4 | G103: =IFERROR(VLOOKUP($D103,본공사입.출고현황!$B:$H,G$2080,0),0) -> Conduit Coupling | H103: =IFERROR(VLOOKUP($D103,본공사입.출고현황!$B:$H,H$2080,0),0) -> 168x4 | I103: =IFERROR(VLOOKUP($D103,본공사입.출고현황!$B:$H,I$2080,0),0) -> EA | L103: 8 | M103: Hussien Elsayed
A104: 61 | B104: 61 | C104: 45776 | D104: CO012 | E104: =IFERROR(VLOOKUP($D104,본공사입.출고현황!$B:$H,E$2080,0),0) -> Conduit Fitting | F104: =IFERROR(VLOOKUP($D104,본공사입.출고현황!$B:$H,F$2080,0),0) -> Conduit Coupling 121x5 | G104: =IFERROR(VLOOKUP($D104,본공사입.출고현황!$B:$H,G$2080,0),0) -> Conduit Coupling | H104: =IFERROR(VLOOKUP($D104,본공사입.출고현황!$B:$H,H$2080,0),0) -> 121x5 | I104: =IFERROR(VLOOKUP($D104,본공사입.출고현황!$B:$H,I$2080,0),0) -> M | L104: 1 | M104: Hussien Elsayed
A105: 62 | B105: 62 | C105: 45776 | D105: CG001 | E105: =IFERROR(VLOOKUP($D105,본공사입.출고현황!$B:$H,E$2080,0),0) -> Steel round bar | F105: =IFERROR(VLOOKUP($D105,본공사입.출고현황!$B:$H,F$2080,0),0) -> Steel round bar(rebar) | G105: =IFERROR(VLOOKUP($D105,본공사입.출고현황!$B:$H,G$2080,0),0) -> CCGG | H105: =IFERROR(VLOOKUP($D105,본공사입.출고현황!$B:$H,H$2080,0),0) -> ф10, 1ton=1,620.7m | I105: =IFERROR(VLOOKUP($D105,본공사입.출고현황!$B:$H,I$2080,0),0) -> M | L105: 33 | M105: Ahmed Saeed
A106: 63 | B106: 63 | C106: 45780 | D106: CG001 | E106: =IFERROR(VLOOKUP($D106,본공사입.출고현황!$B:$H,E$2080,0),0) -> Steel round bar | F106: =IFERROR(VLOOKUP($D106,본공사입.출고현황!$B:$H,F$2080,0),0) -> Steel round bar(rebar) | G106: =IFERROR(VLOOKUP($D106,본공사입.출고현황!$B:$H,G$2080,0),0) -> CCGG | H106: =IFERROR(VLOOKUP($D106,본공사입.출고현황!$B:$H,H$2080,0),0) -> ф10, 1ton=1,620.7m | I106: =IFERROR(VLOOKUP($D106,본공사입.출고현황!$B:$H,I$2080,0),0) -> M | L106: 120 | M106: Ahmed Saeed
A107: 64 | B107: 64 | C107: 45781 | D107: CG001 | E107: =IFERROR(VLOOKUP($D107,본공사입.출고현황!$B:$H,E$2080,0),0) -> Steel round bar | F107: =IFERROR(VLOOKUP($D107,본공사입.출고현황!$B:$H,F$2080,0),0) -> Steel round bar(rebar) | G107: =IFERROR(VLOOKUP($D107,본공사입.출고현황!$B:$H,G$2080,0),0) -> CCGG | H107: =IFERROR(VLOOKUP($D107,본공사입.출고현황!$B:$H,H$2080,0),0) -> ф10, 1ton=1,620.7m | I107: =IFERROR(VLOOKUP($D107,본공사입.출고현황!$B:$H,I$2080,0),0) -> M | L107: 160 | M107: Ahmed Saeed
A108: 65 | B108: 65 | C108: 45782 | D108: CO016 | E108: =IFERROR(VLOOKUP($D108,본공사입.출고현황!$B:$H,E$2080,0),0) -> Sup't | F108: =IFERROR(VLOOKUP($D108,본공사입.출고현황!$B:$H,F$2080,0),0) -> Angle 50x50x5 | G108: =IFERROR(VLOOKUP($D108,본공사입.출고현황!$B:$H,G$2080,0),0) -> Angle | H108: =IFERROR(VLOOKUP($D108,본공사입.출고현황!$B:$H,H$2080,0),0) -> 50*50*5 | I108: =IFERROR(VLOOKUP($D108,본공사입.출고현황!$B:$H,I$2080,0),0) -> M | L108: 60 | M108: Ahmed Saeed
A109: 66 | B109: 66 | C109: 45783 | D109: CO016 | E109: =IFERROR(VLOOKUP($D109,본공사입.출고현황!$B:$H,E$2080,0),0) -> Sup't | F109: =IFERROR(VLOOKUP($D109,본공사입.출고현황!$B:$H,F$2080,0),0) -> Angle 50x50x5 | G109: =IFERROR(VLOOKUP($D109,본공사입.출고현황!$B:$H,G$2080,0),0) -> Angle | H109: =IFERROR(VLOOKUP($D109,본공사입.출고현황!$B:$H,H$2080,0),0) -> 50*50*5 | I109: =IFERROR(VLOOKUP($D109,본공사입.출고현황!$B:$H,I$2080,0),0) -> M | L109: 60 | M109: Ahmed Saeed
A110: 67 | B110: 67 | C110: 45783 | D110: CG001 | E110: =IFERROR(VLOOKUP($D110,본공사입.출고현황!$B:$H,E$2080,0),0) -> Steel round bar | F110: =IFERROR(VLOOKUP($D110,본공사입.출고현황!$B:$H,F$2080,0),0) -> Steel round bar(rebar) | G110: =IFERROR(VLOOKUP($D110,본공사입.출고현황!$B:$H,G$2080,0),0) -> CCGG | H110: =IFERROR(VLOOKUP($D110,본공사입.출고현황!$B:$H,H$2080,0),0) -> ф10, 1ton=1,620.7m | I110: =IFERROR(VLOOKUP($D110,본공사입.출고현황!$B:$H,I$2080,0),0) -> M | L110: 260 | M110: Ahmed Saeed
A111: 68 | B111: 68 | C111: 45784 | D111: CG001 | E111: =IFERROR(VLOOKUP($D111,본공사입.출고현황!$B:$H,E$2080,0),0) -> Steel round bar | F111: =IFERROR(VLOOKUP($D111,본공사입.출고현황!$B:$H,F$2080,0),0) -> Steel round bar(rebar) | G111: =IFERROR(VLOOKUP($D111,본공사입.출고현황!$B:$H,G$2080,0),0) -> CCGG | H111: =IFERROR(VLOOKUP($D111,본공사입.출고현황!$B:$H,H$2080,0),0) -> ф10, 1ton=1,620.7m | I111: =IFERROR(VLOOKUP($D111,본공사입.출고현황!$B:$H,I$2080,0),0) -> M | L111: 120 | M111: Ahmed Saeed
A112: 69 | B112: 69 | C112: 45785 | D112: GR001 | E112: =IFERROR(VLOOKUP($D112,본공사입.출고현황!$B:$H,E$2080,0),0) -> Ground | F112: =IFERROR(VLOOKUP($D112,본공사입.출고현황!$B:$H,F$2080,0),0) -> Ground Cable 78SQ | G112: =IFERROR(VLOOKUP($D112,본공사입.출고현황!$B:$H,G$2080,0),0) -> Ground Cable | H112: =IFERROR(VLOOKUP($D112,본공사입.출고현황!$B:$H,H$2080,0),0) -> 78SQ | I112: =IFERROR(VLOOKUP($D112,본공사입.출고현황!$B:$H,I$2080,0),0) -> M | J112: 4 | K112: 40UMA | L112: 35 | M112: Ahmed Saeed
A113: 70 | B113: 70 | C113: 45785 | D113: CG001 | E113: =IFERROR(VLOOKUP($D113,본공사입.출고현황!$B:$H,E$2080,0),0) -> Steel round bar | F113: =IFERROR(VLOOKUP($D113,본공사입.출고현황!$B:$H,F$2080,0),0) -> Steel round bar(rebar) | G113: =IFERROR(VLOOKUP($D113,본공사입.출고현황!$B:$H,G$2080,0),0) -> CCGG | H113: =IFERROR(VLOOKUP($D113,본공사입.출고현황!$B:$H,H$2080,0),0) -> ф10, 1ton=1,620.7m | I113: =IFERROR(VLOOKUP($D113,본공사입.출고현황!$B:$H,I$2080,0),0) -> M | L113: 168 | M113: Ahmed Saeed
A114: 71 | B114: 71 | C114: 45786 | D114: CG001 | E114: =IFERROR(VLOOKUP($D114,본공사입.출고현황!$B:$H,E$2080,0),0) -> Steel round bar | F114: =IFERROR(VLOOKUP($D114,본공사입.출고현황!$B:$H,F$2080,0),0) -> Steel round bar(rebar) | G114: =IFERROR(VLOOKUP($D114,본공사입.출고현황!$B:$H,G$2080,0),0) -> CCGG | H114: =IFERROR(VLOOKUP($D114,본공사입.출고현황!$B:$H,H$2080,0),0) -> ф10, 1ton=1,620.7m | I114: =IFERROR(VLOOKUP($D114,본공사입.출고현황!$B:$H,I$2080,0),0) -> M | L114: 600 | M114: Taleb
A115: 72 | B115: 72 | C115: 45787 | D115: CG002 | E115: =IFERROR(VLOOKUP($D115,본공사입.출고현황!$B:$H,E$2080,0),0) -> Angle | F115: =IFERROR(VLOOKUP($D115,본공사입.출고현황!$B:$H,F$2080,0),0) -> Angle 100x100x10 | G115: =IFERROR(VLOOKUP($D115,본공사입.출고현황!$B:$H,G$2080,0),0) -> CCGG | H115: =IFERROR(VLOOKUP($D115,본공사입.출고현황!$B:$H,H$2080,0),0) -> 100x100x10 (12m) | I115: =IFERROR(VLOOKUP($D115,본공사입.출고현황!$B:$H,I$2080,0),0) -> M | L115: 12 | M115: Ahmed Saeed
A116: 73 | B116: 73 | C116: 45787 | D116: CO014 | E116: =IFERROR(VLOOKUP($D116,본공사입.출고현황!$B:$H,E$2080,0),0) -> Conduit Fitting | F116: =IFERROR(VLOOKUP($D116,본공사입.출고현황!$B:$H,F$2080,0),0) -> Conduit Coupling 100-Ts | G116: =IFERROR(VLOOKUP($D116,본공사입.출고현황!$B:$H,G$2080,0),0) -> Conduit Coupling | H116: =IFERROR(VLOOKUP($D116,본공사입.출고현황!$B:$H,H$2080,0),0) -> 100-Ts | I116: =IFERROR(VLOOKUP($D116,본공사입.출고현황!$B:$H,I$2080,0),0) -> EA | L116: 97 | M116: Hussien Elsayed
A117: 74 | B117: 74 | C117: 45789 | D117: CO016 | E117: =IFERROR(VLOOKUP($D117,본공사입.출고현황!$B:$H,E$2080,0),0) -> Sup't | F117: =IFERROR(VLOOKUP($D117,본공사입.출고현황!$B:$H,F$2080,0),0) -> Angle 50x50x5 | G117: =IFERROR(VLOOKUP($D117,본공사입.출고현황!$B:$H,G$2080,0),0) -> Angle | H117: =IFERROR(VLOOKUP($D117,본공사입.출고현황!$B:$H,H$2080,0),0) -> 50*50*5 | I117: =IFERROR(VLOOKUP($D117,본공사입.출고현황!$B:$H,I$2080,0),0) -> M | L117: 12 | M117: Ahmed Saeed
A118: 75 | B118: 75 | C118: 45789 | D118: GR012 | E118: =IFERROR(VLOOKUP($D118,본공사입.출고현황!$B:$H,E$2080,0),0) -> Miscellious | F118: =IFERROR(VLOOKUP($D118,본공사입.출고현황!$B:$H,F$2080,0),0) -> Nicoband | G118: =IFERROR(VLOOKUP($D118,본공사입.출고현황!$B:$H,G$2080,0),0) -> Nicoband | H118: =IFERROR(VLOOKUP($D118,본공사입.출고현황!$B:$H,H$2080,0),0) -> 10m x 15cm | I118: =IFERROR(VLOOKUP($D118,본공사입.출고현황!$B:$H,I$2080,0),0) -> EA | L118: 1 | M118: Mr. KIM
A119: 76 | B119: 76 | C119: 45790 | D119: CO016 | E119: =IFERROR(VLOOKUP($D119,본공사입.출고현황!$B:$H,E$2080,0),0) -> Sup't | F119: =IFERROR(VLOOKUP($D119,본공사입.출고현황!$B:$H,F$2080,0),0) -> Angle 50x50x5 | G119: =IFERROR(VLOOKUP($D119,본공사입.출고현황!$B:$H,G$2080,0),0) -> Angle | H119: =IFERROR(VLOOKUP($D119,본공사입.출고현황!$B:$H,H$2080,0),0) -> 50*50*5 | I119: =IFERROR(VLOOKUP($D119,본공사입.출고현황!$B:$H,I$2080,0),0) -> M | L119: 12 | M119: Ahmed Saeed
A120: 77 | B120: 77 | C120: 45791 | D120: CG001 | E120: =IFERROR(VLOOKUP($D120,본공사입.출고현황!$B:$H,E$2080,0),0) -> Steel round bar | F120: =IFERROR(VLOOKUP($D120,본공사입.출고현황!$B:$H,F$2080,0),0) -> Steel round bar(rebar) | G120: =IFERROR(VLOOKUP($D120,본공사입.출고현황!$B:$H,G$2080,0),0) -> CCGG | H120: =IFERROR(VLOOKUP($D120,본공사입.출고현황!$B:$H,H$2080,0),0) -> ф10, 1ton=1,620.7m | I120: =IFERROR(VLOOKUP($D120,본공사입.출고현황!$B:$H,I$2080,0),0) -> M | L120: 360 | M120: Ahmed Saeed
A121: 78 | B121: 78 | C121: 45791 | D121: CG002 | E121: =IFERROR(VLOOKUP($D121,본공사입.출고현황!$B:$H,E$2080,0),0) -> Angle | F121: =IFERROR(VLOOKUP($D121,본공사입.출고현황!$B:$H,F$2080,0),0) -> Angle 100x100x10 | G121: =IFERROR(VLOOKUP($D121,본공사입.출고현황!$B:$H,G$2080,0),0) -> CCGG | H121: =IFERROR(VLOOKUP($D121,본공사입.출고현황!$B:$H,H$2080,0),0) -> 100x100x10 (12m) | I121: =IFERROR(VLOOKUP($D121,본공사입.출고현황!$B:$H,I$2080,0),0) -> M | L121: 12 | M121: Ahmed Saeed
A122: 79 | B122: 79 | C122: 45792 | D122: CG001 | E122: =IFERROR(VLOOKUP($D122,본공사입.출고현황!$B:$H,E$2080,0),0) -> Steel round bar | F122: =IFERROR(VLOOKUP($D122,본공사입.출고현황!$B:$H,F$2080,0),0) -> Steel round bar(rebar) | G122: =IFERROR(VLOOKUP($D122,본공사입.출고현황!$B:$H,G$2080,0),0) -> CCGG | H122: =IFERROR(VLOOKUP($D122,본공사입.출고현황!$B:$H,H$2080,0),0) -> ф10, 1ton=1,620.7m | I122: =IFERROR(VLOOKUP($D122,본공사입.출고현황!$B:$H,I$2080,0),0) -> M | L122: 200 | M122: Ahmed Saeed
A123: 80 | B123: 80 | C123: 45795 | D123: CG002 | E123: =IFERROR(VLOOKUP($D123,본공사입.출고현황!$B:$H,E$2080,0),0) -> Angle | F123: =IFERROR(VLOOKUP($D123,본공사입.출고현황!$B:$H,F$2080,0),0) -> Angle 100x100x10 | G123: =IFERROR(VLOOKUP($D123,본공사입.출고현황!$B:$H,G$2080,0),0) -> CCGG | H123: =IFERROR(VLOOKUP($D123,본공사입.출고현황!$B:$H,H$2080,0),0) -> 100x100x10 (12m) | I123: =IFERROR(VLOOKUP($D123,본공사입.출고현황!$B:$H,I$2080,0),0) -> M | L123: 12 | M123: Ahmed Saeed | N123: Fabrication
A124: 81 | B124: 81 | C124: 45796 | D124: CG001 | E124: =IFERROR(VLOOKUP($D124,본공사입.출고현황!$B:$H,E$2080,0),0) -> Steel round bar | F124: =IFERROR(VLOOKUP($D124,본공사입.출고현황!$B:$H,F$2080,0),0) -> Steel round bar(rebar) | G124: =IFERROR(VLOOKUP($D124,본공사입.출고현황!$B:$H,G$2080,0),0) -> CCGG | H124: =IFERROR(VLOOKUP($D124,본공사입.출고현황!$B:$H,H$2080,0),0) -> ф10, 1ton=1,620.7m | I124: =IFERROR(VLOOKUP($D124,본공사입.출고현황!$B:$H,I$2080,0),0) -> M | L124: 200 | M124: Ahmed Saeed
A125: 82 | B125: 82 | C125: 45796 | D125: CO007 | E125: =IFERROR(VLOOKUP($D125,본공사입.출고현황!$B:$H,E$2080,0),0) -> Conduit | F125: =IFERROR(VLOOKUP($D125,본공사입.출고현황!$B:$H,F$2080,0),0) -> Conduit 108x4.0 | G125: =IFERROR(VLOOKUP($D125,본공사입.출고현황!$B:$H,G$2080,0),0) -> Conduit | H125: =IFERROR(VLOOKUP($D125,본공사입.출고현황!$B:$H,H$2080,0),0) -> 108x4 | I125: =IFERROR(VLOOKUP($D125,본공사입.출고현황!$B:$H,I$2080,0),0) -> M | L125: 173 | M125: Hussien Elsayed
A126: 83 | B126: 83 | C126: 45797 | D126: CG001 | E126: =IFERROR(VLOOKUP($D126,본공사입.출고현황!$B:$H,E$2080,0),0) -> Steel round bar | F126: =IFERROR(VLOOKUP($D126,본공사입.출고현황!$B:$H,F$2080,0),0) -> Steel round bar(rebar) | G126: =IFERROR(VLOOKUP($D126,본공사입.출고현황!$B:$H,G$2080,0),0) -> CCGG | H126: =IFERROR(VLOOKUP($D126,본공사입.출고현황!$B:$H,H$2080,0),0) -> ф10, 1ton=1,620.7m | I126: =IFERROR(VLOOKUP($D126,본공사입.출고현황!$B:$H,I$2080,0),0) -> M | L126: 422 | M126: Ahmed Saeed
...

Sheet 케이블트레이입.출고현황
D1: Cable Tray 자재 집계현황(Material Summary) | S1: =TODAY() -> 46174
C2: 【Project : El-Dabaa Nuclear Power Plant (ENPP) #1 to 4】 | S2: =TODAY() -> 46174 | U2: DAESUN CODE | V2: Sortation | W2: Description | X2: type | Y2: Size | Z2: Unit | AC2: 1항차
C3: Sortation | D3: Sortation | E3: Items / Services | F3: Size | G3: Unit | H3: DOOSAN | N3: DAESUN | S3: Remarks
H4: Purchase | I4: Incoming | J4: Not come | K4: Other company | L4: Handover | M4: Balance | N4: Incoming | O4: Install | P4: Fabrication | Q4: Scrap/ Faulty | R4: Balance
A5: TRY001 | B5: 1 | C5: Tray | D5: Straight tray LP-50 | E5: 3-LP-50/200/3-M-TA4 | F5: 3000x200x50; T=1.5 | G5: pcs | H5: 8 | I5: 8 | J5: =H5-I5 -> 0 | K5: 0 | L5: =SUMIFS('Cable Tray-income '!L:L,'Cable Tray-income '!F:F,케이블트레이입.출고현황!U5) -> 0 | M5: =I5-K5-L5 -> 8 | O5: =SUMIFS('Cable Tray-Log-out'!L:L,'Cable Tray-Log-out'!D:D,U5) -> 0 | U5: TRY001 | V5: Tray | W5: =D5 -> Straight tray LP-50 | X5: =E5 -> 3-LP-50/200/3-M-TA4 | Y5: =F5 -> 3000x200x50; T=1.5 | Z5: =G5 -> pcs | AC5: pcs
A6: TRY002 | B6: 2 | C6: Tray | D6: Straight tray LP-50 | E6: 3-LP-50/300/3-M-TA4 | F6: 3000x300x50; T=1.5 | G6: pcs | H6: 24 | I6: 24 | J6: =H6-I6 -> 0 | K6: 0 | L6: =SUMIFS('Cable Tray-income '!L:L,'Cable Tray-income '!F:F,케이블트레이입.출고현황!U6) -> 0 | M6: =I6-K6-L6 -> 24 | N6: =L6 -> 0 | O6: =SUMIFS('Cable Tray-Log-out'!L:L,'Cable Tray-Log-out'!D:D,U6) -> 0 | R6: =N6-O6-P6-Q6 -> 0 | U6: TRY002 | V6: Tray | W6: =D6 -> Straight tray LP-50 | X6: =E6 -> 3-LP-50/300/3-M-TA4 | Y6: =F6 -> 3000x300x50; T=1.5 | Z6: =G6 -> pcs | AC6: pcs
A7: TRY002.1 | B7: 3 | C7: Tray | D7: Straight tray LP-50 | E7: 3-LP-50/400/3-M-TA4 | F7: 692x396x48.5; T=1.5 | G7: pcs | H7: 81 | I7: 81 | J7: =H7-I7 -> 0 | K7: 0 | L7: =SUMIFS('Cable Tray-income '!L:L,'Cable Tray-income '!F:F,케이블트레이입.출고현황!U7) -> 0 | M7: =I7-K7-L7 -> 81 | N7: =L7 -> 0 | O7: =SUMIFS('Cable Tray-Log-out'!L:L,'Cable Tray-Log-out'!D:D,U7) -> 0 | R7: =N7-O7-P7-Q7 -> 0 | U7: TRY002.1 | V7: Tray | W7: =D7 -> Straight tray LP-50 | X7: =E7 -> 3-LP-50/400/3-M-TA4 | Y7: =F7 -> 692x396x48.5; T=1.5 | Z7: =G7 -> pcs | AC7: pcs
A8: TRY003 | B8: 4 | C8: Tray | D8: Straight tray LP-50 | E8: 3-LP-50/500/3-M-TA4 | F8: 3000x500x50; T=1.5 | G8: pcs | H8: 1180 | I8: 1180 | J8: =H8-I8 -> 0 | K8: 0 | L8: =SUMIFS('Cable Tray-income '!L:L,'Cable Tray-income '!F:F,케이블트레이입.출고현황!U8) -> 0 | M8: =I8-K8-L8 -> 1180 | N8: =L8 -> 0 | O8: =SUMIFS('Cable Tray-Log-out'!L:L,'Cable Tray-Log-out'!D:D,U8) -> 0 | R8: =N8-O8-P8-Q8 -> 0 | U8: TRY003 | V8: Tray | W8: =D8 -> Straight tray LP-50 | X8: =E8 -> 3-LP-50/500/3-M-TA4 | Y8: =F8 -> 3000x500x50; T=1.5 | Z8: =G8 -> pcs | AC8: pcs
A9: TRY004 | B9: 5 | C9: Tray | D9: Straight tray LP-50 | E9: 3-LP-50/600/3-M-TA4 | F9: 3000x600x50; T=1.5 | G9: pcs | H9: 556 | I9: 556 | J9: =H9-I9 -> 0 | K9: 0 | L9: =SUMIFS('Cable Tray-income '!L:L,'Cable Tray-income '!F:F,케이블트레이입.출고현황!U9) -> 0 | M9: =I9-K9-L9 -> 556 | N9: =L9 -> 0 | O9: =SUMIFS('Cable Tray-Log-out'!L:L,'Cable Tray-Log-out'!D:D,U9) -> 0 | R9: =N9-O9-P9-Q9 -> 0 | U9: TRY004 | V9: Tray | W9: =D9 -> Straight tray LP-50 | X9: =E9 -> 3-LP-50/600/3-M-TA4 | Y9: =F9 -> 3000x600x50; T=1.5 | Z9: =G9 -> pcs | AC9: pcs
A10: TRY005 | B10: 6 | C10: Tray | D10: Straight tray LP-100 | E10: 3-LP-100/200/3-M-TA4 | F10: 3000x200x100; T=1.5 | G10: pcs | H10: 10 | I10: 10 | J10: =H10-I10 -> 0 | K10: 0 | L10: =SUMIFS('Cable Tray-income '!L:L,'Cable Tray-income '!F:F,케이블트레이입.출고현황!U10) -> 0 | M10: =I10-K10-L10 -> 10 | N10: =L10 -> 0 | O10: =SUMIFS('Cable Tray-Log-out'!L:L,'Cable Tray-Log-out'!D:D,U10) -> 0 | R10: =N10-O10-P10-Q10 -> 0 | U10: TRY005 | V10: Tray | W10: =D10 -> Straight tray LP-100 | X10: =E10 -> 3-LP-100/200/3-M-TA4 | Y10: =F10 -> 3000x200x100; T=1.5 | Z10: =G10 -> pcs | AC10: pcs
A11: TRY006 | B11: 7 | C11: Tray | D11: Straight tray LP-100 | E11: 3-LP-100/300/3-M-TA4 | F11: 3000x300x100; T=1.5 | G11: pcs | H11: 22 | I11: 22 | J11: =H11-I11 -> 0 | K11: 0 | L11: =SUMIFS('Cable Tray-income '!L:L,'Cable Tray-income '!F:F,케이블트레이입.출고현황!U11) -> 0 | M11: =I11-K11-L11 -> 22 | N11: =L11 -> 0 | O11: =SUMIFS('Cable Tray-Log-out'!L:L,'Cable Tray-Log-out'!D:D,U11) -> 0 | R11: =N11-O11-P11-Q11 -> 0 | U11: TRY006 | V11: Tray | W11: =D11 -> Straight tray LP-100 | X11: =E11 -> 3-LP-100/300/3-M-TA4 | Y11: =F11 -> 3000x300x100; T=1.5 | Z11: =G11 -> pcs | AC11: pcs
A12: TRY007 | B12: 8 | C12: Tray | D12: Straight tray LP-100 | E12: 3-LP-100/500/3-M-TA4 | F12: 3000x500x100; T=1.5 | G12: pcs | H12: 250 | I12: 250 | J12: =H12-I12 -> 0 | K12: 0 | L12: =SUMIFS('Cable Tray-income '!L:L,'Cable Tray-income '!F:F,케이블트레이입.출고현황!U12) -> 0 | M12: =I12-K12-L12 -> 250 | N12: =L12 -> 0 | O12: =SUMIFS('Cable Tray-Log-out'!L:L,'Cable Tray-Log-out'!D:D,U12) -> 0 | R12: =N12-O12-P12-Q12 -> 0 | U12: TRY007 | V12: Tray | W12: =D12 -> Straight tray LP-100 | X12: =E12 -> 3-LP-100/500/3-M-TA4 | Y12: =F12 -> 3000x500x100; T=1.5 | Z12: =G12 -> pcs | AC12: pcs
A13: TRY007.1 | B13: 9 | C13: Tray | D13: Horizontal section SG-50/400-90 for turning the cable route from straight trays | E13: 3-SG-50/400-90-M-TA4 | F13: 692x396x48.5; T=1.5 | G13: pcs | H13: 11 | I13: 11 | J13: =H13-I13 -> 0 | K13: 0 | L13: =SUMIFS('Cable Tray-income '!L:L,'Cable Tray-income '!F:F,케이블트레이입.출고현황!U13) -> 0 | M13: =I13-K13-L13 -> 11 | N13: =L13 -> 0 | O13: =SUMIFS('Cable Tray-Log-out'!L:L,'Cable Tray-Log-out'!D:D,U13) -> 0 | R13: =N13-O13-P13-Q13 -> 0 | U13: TRY007.1 | V13: Tray | W13: =D13 -> Horizontal section SG-50/400-90 for turning the cable route from straight trays | X13: =E13 -> 3-SG-50/400-90-M-TA4 | Y13: =F13 -> 692x396x48.5; T=1.5 | Z13: =G13 -> pcs | AC13: pcs
A14: TRY008 | B14: 10 | C14: Tray | D14: Horizontal section SG-50/500-90 for turning the cable route from straight trays LP-50 and LP-100 at 90° | E14: 3-SG-50/500-90-M-TA4 | F14: 792x496x48.5; T=1.5 | G14: pcs | H14: 22 | I14: 22 | J14: =H14-I14 -> 0 | K14: 0 | L14: =SUMIFS('Cable Tray-income '!L:L,'Cable Tray-income '!F:F,케이블트레이입.출고현황!U14) -> 0 | M14: =I14-K14-L14 -> 22 | N14: =L14 -> 0 | O14: =SUMIFS('Cable Tray-Log-out'!L:L,'Cable Tray-Log-out'!D:D,U14) -> 0 | R14: =N14-O14-P14-Q14 -> 0 | U14: TRY008 | V14: Tray | W14: =D14 -> Horizontal section SG-50/500-90 for turning the cable route from straight trays LP-50 and LP-100 at 90° | X14: =E14 -> 3-SG-50/500-90-M-TA4 | Y14: =F14 -> 792x496x48.5; T=1.5 | Z14: =G14 -> pcs | AC14: pcs
A15: TRY009 | B15: 11 | C15: Tray | D15: Horizontal section SG-100/500-90 for turning the cable route from straight trays LP-50 and LP-100 at 90° | E15: 3-SG-100/500-90-M-TA4 | F15: 792x496x98.5; T=1.5 | G15: pcs | H15: 6 | I15: 6 | J15: =H15-I15 -> 0 | K15: 0 | L15: =SUMIFS('Cable Tray-income '!L:L,'Cable Tray-income '!F:F,케이블트레이입.출고현황!U15) -> 0 | M15: =I15-K15-L15 -> 6 | N15: =L15 -> 0 | O15: =SUMIFS('Cable Tray-Log-out'!L:L,'Cable Tray-Log-out'!D:D,U15) -> 0 | R15: =N15-O15-P15-Q15 -> 0 | U15: TRY009 | V15: Tray | W15: =D15 -> Horizontal section SG-100/500-90 for turning the cable route from straight trays LP-50 and LP-100 at 90° | X15: =E15 -> 3-SG-100/500-90-M-TA4 | Y15: =F15 -> 792x496x98.5; T=1.5 | Z15: =G15 -> pcs | AC15: pcs
A16: TRY009.1 | B16: 12 | C16: Tray | D16: Horizontal section SG-50/600-90 for turning the cable route from straight trays | E16: 3-SG-50/600-90-M-TA5 | F16: 892x596x48.5; T=1.5 | G16: pcs | H16: 40 | I16: 40 | J16: =H16-I16 -> 0 | K16: 0 | L16: =SUMIFS('Cable Tray-income '!L:L,'Cable Tray-income '!F:F,케이블트레이입.출고현황!U16) -> 0 | M16: =I16-K16-L16 -> 40 | N16: =L16 -> 0 | O16: =SUMIFS('Cable Tray-Log-out'!L:L,'Cable Tray-Log-out'!D:D,U16) -> 0 | R16: =N16-O16-P16-Q16 -> 0 | U16: TRY009.1 | V16: Tray | W16: =D16 -> Horizontal section SG-50/600-90 for turning the cable route from straight trays | X16: =E16 -> 3-SG-50/600-90-M-TA5 | Y16: =F16 -> 892x596x48.5; T=1.5 | Z16: =G16 -> pcs | AC16: pcs
A17: TRY010 | B17: 13 | C17: Tray | D17: Branch section SO-50/500 for branching the cable route from straight trays LP-50 and LP-100 for three directions | E17: 3-SO-50/500-M-TA4 | F17: #N/A | G17: pcs | H17: 8 | I17: 8 | J17: =H17-I17 -> 0 | K17: 0 | L17: =SUMIFS('Cable Tray-income '!L:L,'Cable Tray-income '!F:F,케이블트레이입.출고현황!U17) -> 0 | M17: =I17-K17-L17 -> 8 | N17: =L17 -> 0 | O17: =SUMIFS('Cable Tray-Log-out'!L:L,'Cable Tray-Log-out'!D:D,U17) -> 0 | R17: =N17-O17-P17-Q17 -> 0 | U17: TRY010 | V17: Tray | W17: =D17 -> Branch section SO-50/500 for branching the cable route from straight trays LP-50 and LP-100 for three directions | X17: =E17 -> 3-SO-50/500-M-TA4 | Y17: =F17 -> #N/A | Z17: =G17 -> pcs | AC17: pcs
A18: TRY010.1 | B18: 14 | C18: Tray | D18: Vertical section SV-50/400 for vertical bending of cable route from straight trays | E18: 3-SV-50/400-M-TA4 | F18: 331x396x50; T=1.5 | G18: pcs | H18: 4 | I18: 4 | J18: =H18-I18 -> 0 | K18: 0 | L18: =SUMIFS('Cable Tray-income '!L:L,'Cable Tray-income '!F:F,케이블트레이입.출고현황!U18) -> 0 | M18: =I18-K18-L18 -> 4 | N18: =L18 -> 0 | O18: =SUMIFS('Cable Tray-Log-out'!L:L,'Cable Tray-Log-out'!D:D,U18) -> 0 | R18: =N18-O18-P18-Q18 -> 0 | U18: TRY010.1 | V18: Tray | W18: =D18 -> Vertical section SV-50/400 for vertical bending of cable route from straight trays | X18: =E18 -> 3-SV-50/400-M-TA4 | Y18: =F18 -> 331x396x50; T=1.5 | Z18: =G18 -> pcs | AC18: pcs
A19: TRY011 | B19: 15 | C19: Tray | D19: Vertical section SV-50/500 for vertical bending of cable route from straight trays LP-50 and LP-100 up or down at any angle | E19: 3-SV-50/500-M-TA4 | F19: 331x170x496x50; T=1.5 | G19: pcs | H19: 80 | I19: 80 | J19: =H19-I19 -> 0 | K19: 0 | L19: =SUMIFS('Cable Tray-income '!L:L,'Cable Tray-income '!F:F,케이블트레이입.출고현황!U19) -> 0 | M19: =I19-K19-L19 -> 80 | N19: =L19 -> 0 | O19: =SUMIFS('Cable Tray-Log-out'!L:L,'Cable Tray-Log-out'!D:D,U19) -> 0 | R19: =N19-O19-P19-Q19 -> 0 | U19: TRY011 | V19: Tray | W19: =D19 -> Vertical section SV-50/500 for vertical bending of cable route from straight trays LP-50 and LP-100 up or down at any angle | X19: =E19 -> 3-SV-50/500-M-TA4 | Y19: =F19 -> 331x170x496x50; T=1.5 | Z19: =G19 -> pcs | AC19: pcs
A20: TRY012 | B20: 16 | C20: Tray | D20: Vertical section SV-100/500 for vertical bending of cable route from straight trays LP-50 and LP-100 up or down at any angle | E20: 3-SV-100/500-M-TA4 | F20: 395x205x496x100; T=1.5 | G20: pcs | H20: 20 | I20: 20 | J20: =H20-I20 -> 0 | K20: 0 | L20: =SUMIFS('Cable Tray-income '!L:L,'Cable Tray-income '!F:F,케이블트레이입.출고현황!U20) -> 0 | M20: =I20-K20-L20 -> 20 | N20: =L20 -> 0 | O20: =SUMIFS('Cable Tray-Log-out'!L:L,'Cable Tray-Log-out'!D:D,U20) -> 0 | R20: =N20-O20-P20-Q20 -> 0 | U20: TRY012 | V20: Tray | W20: =D20 -> Vertical section SV-100/500 for vertical bending of cable route from straight trays LP-50 and LP-100 up or down at any angle | X20: =E20 -> 3-SV-100/500-M-TA4 | Y20: =F20 -> 395x205x496x100; T=1.5 | Z20: =G20 -> pcs | AC20: pcs
A21: TRY013 | B21: 17 | C21: Tray | D21: Straight duct KP | E21: 3-KP-0.1/0.2-3-M-TA4 | F21: 3000x200x100; T=1.5 | G21: pcs | H21: 56 | I21: 56 | J21: =H21-I21 -> 0 | K21: 0 | L21: =SUMIFS('Cable Tray-income '!L:L,'Cable Tray-income '!F:F,케이블트레이입.출고현황!U21) -> 0 | M21: =I21-K21-L21 -> 56 | N21: =L21 -> 0 | O21: =SUMIFS('Cable Tray-Log-out'!L:L,'Cable Tray-Log-out'!D:D,U21) -> 0 | R21: =N21-O21-P21-Q21 -> 0 | U21: TRY013 | V21: Tray | W21: =D21 -> Straight duct KP | X21: =E21 -> 3-KP-0.1/0.2-3-M-TA4 | Y21: =F21 -> 3000x200x100; T=1.5 | Z21: =G21 -> pcs | AC21: pcs
A22: TRY014 | B22: 18 | C22: Tray | D22: Straight duct KP | E22: 3-KP-0.1/0.3-3-M-TA4 | F22: 3000x300x 100; T=1.5 | G22: pcs | H22: 84 | I22: 84 | J22: =H22-I22 -> 0 | K22: 0 | L22: =SUMIFS('Cable Tray-income '!L:L,'Cable Tray-income '!F:F,케이블트레이입.출고현황!U22) -> 0 | M22: =I22-K22-L22 -> 84 | N22: =L22 -> 0 | O22: =SUMIFS('Cable Tray-Log-out'!L:L,'Cable Tray-Log-out'!D:D,U22) -> 0 | R22: =N22-O22-P22-Q22 -> 0 | U22: TRY014 | V22: Tray | W22: =D22 -> Straight duct KP | X22: =E22 -> 3-KP-0.1/0.3-3-M-TA4 | Y22: =F22 -> 3000x300x 100; T=1.5 | Z22: =G22 -> pcs | AC22: pcs
A23: TRY015 | B23: 19 | C23: Tray | D23: Siraight duct KP | E23: 3-KP-0.1/0.5-3-M-TA4 | F23: 3000x500x 100; T=1.5 | G23: pcs | H23: 40 | I23: 40 | J23: =H23-I23 -> 0 | K23: 0 | L23: =SUMIFS('Cable Tray-income '!L:L,'Cable Tray-income '!F:F,케이블트레이입.출고현황!U23) -> 0 | M23: =I23-K23-L23 -> 40 | N23: =L23 -> 0 | O23: =SUMIFS('Cable Tray-Log-out'!L:L,'Cable Tray-Log-out'!D:D,U23) -> 0 | R23: =N23-O23-P23-Q23 -> 0 | U23: TRY015 | V23: Tray | W23: =D23 -> Siraight duct KP | X23: =E23 -> 3-KP-0.1/0.5-3-M-TA4 | Y23: =F23 -> 3000x500x 100; T=1.5 | Z23: =G23 -> pcs | AC23: pcs
A24: TRY016 | B24: 20 | C24: Tray | D24: Angle duct KUG for horizontal bend of cable route at 90° | E24: 3-KUG-0.1/0.2-M-TA4 | F24: 455x196x103; T=1.5 | G24: pcs | H24: 10 | I24: 10 | J24: =H24-I24 -> 0 | K24: 0 | L24: =SUMIFS('Cable Tray-income '!L:L,'Cable Tray-income '!F:F,케이블트레이입.출고현황!U24) -> 0 | M24: =I24-K24-L24 -> 10 | N24: =L24 -> 0 | O24: =SUMIFS('Cable Tray-Log-out'!L:L,'Cable Tray-Log-out'!D:D,U24) -> 0 | R24: =N24-O24-P24-Q24 -> 0 | U24: TRY016 | V24: Tray | W24: =D24 -> Angle duct KUG for horizontal bend of cable route at 90° | X24: =E24 -> 3-KUG-0.1/0.2-M-TA4 | Y24: =F24 -> 455x196x103; T=1.5 | Z24: =G24 -> pcs | AC24: pcs
A25: TRY017 | B25: 21 | C25: Tray | D25: Angle duct KUG for horizontal bend of cable route et 90° | E25: 3-KUG-0.1/0.3-M-TA4 | F25: 555x296x103; T=1.5 | G25: pcs | H25: 8 | I25: 8 | J25: =H25-I25 -> 0 | K25: 0 | L25: =SUMIFS('Cable Tray-income '!L:L,'Cable Tray-income '!F:F,케이블트레이입.출고현황!U25) -> 0 | M25: =I25-K25-L25 -> 8 | N25: =L25 -> 0 | O25: =SUMIFS('Cable Tray-Log-out'!L:L,'Cable Tray-Log-out'!D:D,U25) -> 0 | R25: =N25-O25-P25-Q25 -> 0 | U25: TRY017 | V25: Tray | W25: =D25 -> Angle duct KUG for horizontal bend of cable route et 90° | X25: =E25 -> 3-KUG-0.1/0.3-M-TA4 | Y25: =F25 -> 555x296x103; T=1.5 | Z25: =G25 -> pcs | AC25: pcs
A26: TRY018 | B26: 22 | C26: Tray | D26: Angle duct KUG for horizontal bend of cable route at 90° | E26: 3-KUG-0.1/0.5-M-TA4 | F26: 755x496x103; T=1.5 | G26: pcs | H26: 6 | I26: 6 | J26: =H26-I26 -> 0 | K26: 0 | L26: =SUMIFS('Cable Tray-income '!L:L,'Cable Tray-income '!F:F,케이블트레이입.출고현황!U26) -> 0 | M26: =I26-K26-L26 -> 6 | N26: =L26 -> 0 | O26: =SUMIFS('Cable Tray-Log-out'!L:L,'Cable Tray-Log-out'!D:D,U26) -> 0 | R26: =N26-O26-P26-Q26 -> 0 | U26: TRY018 | V26: Tray | W26: =D26 -> Angle duct KUG for horizontal bend of cable route at 90° | X26: =E26 -> 3-KUG-0.1/0.5-M-TA4 | Y26: =F26 -> 755x496x103; T=1.5 | Z26: =G26 -> pcs | AC26: pcs
A27: TRY019 | B27: 23 | C27: Tray | D27: Angle duct KUG for horizontal bend of cable route at 45° | E27: 3-KUG-0.1/0.2-45-M-TA4 | F27: #N/A | G27: pcs | H27: 4 | I27: 4 | J27: =H27-I27 -> 0 | K27: 0 | L27: =SUMIFS('Cable Tray-income '!L:L,'Cable Tray-income '!F:F,케이블트레이입.출고현황!U27) -> 0 | M27: =I27-K27-L27 -> 4 | N27: =L27 -> 0 | O27: =SUMIFS('Cable Tray-Log-out'!L:L,'Cable Tray-Log-out'!D:D,U27) -> 0 | R27: =N27-O27-P27-Q27 -> 0 | U27: TRY019 | V27: Tray | W27: =D27 -> Angle duct KUG for horizontal bend of cable route at 45° | X27: =E27 -> 3-KUG-0.1/0.2-45-M-TA4 | Y27: =F27 -> #N/A | Z27: =G27 -> pcs | AC27: pcs
A28: TRY020 | B28: 24 | C28: Tray | D28: Angle duct KUG for horizontal bend of cable route at 45° | E28: 3-KUG-0.1/0.3-45-M-TA4 | F28: #N/A | G28: pcs | H28: 4 | I28: 4 | J28: =H28-I28 -> 0 | K28: 0 | L28: =SUMIFS('Cable Tray-income '!L:L,'Cable Tray-income '!F:F,케이블트레이입.출고현황!U28) -> 0 | M28: =I28-K28-L28 -> 4 | N28: =L28 -> 0 | O28: =SUMIFS('Cable Tray-Log-out'!L:L,'Cable Tray-Log-out'!D:D,U28) -> 0 | R28: =N28-O28-P28-Q28 -> 0 | U28: TRY020 | V28: Tray | W28: =D28 -> Angle duct KUG for horizontal bend of cable route at 45° | X28: =E28 -> 3-KUG-0.1/0.3-45-M-TA4 | Y28: =F28 -> #N/A | Z28: =G28 -> pcs | AC28: pcs
A29: TRY021 | B29: 25 | C29: Tray | D29: Angle duct KUV for turning horizontal cable route upward at an anale of 90° | E29: 3-KUV-0.1/0.5-M-TA4 | F29: 290x496x103; T=1.5 | G29: pcs | H29: 4 | I29: 4 | J29: =H29-I29 -> 0 | K29: 0 | L29: =SUMIFS('Cable Tray-income '!L:L,'Cable Tray-income '!F:F,케이블트레이입.출고현황!U29) -> 0 | M29: =I29-K29-L29 -> 4 | N29: =L29 -> 0 | O29: =SUMIFS('Cable Tray-Log-out'!L:L,'Cable Tray-Log-out'!D:D,U29) -> 0 | R29: =N29-O29-P29-Q29 -> 0 | U29: TRY021 | V29: Tray | W29: =D29 -> Angle duct KUV for turning horizontal cable route upward at an anale of 90° | X29: =E29 -> 3-KUV-0.1/0.5-M-TA4 | Y29: =F29 -> 290x496x103; T=1.5 | Z29: =G29 -> pcs | AC29: pcs
A30: TRY022 | B30: 26 | C30: Tray | D30: Angle duct KUN for turning horizontal cable route downwards at an anqle of 90° | E30: 3-KUN-0.1/0.5-M-TA4 | F30: 352x496x103; T=1.5 | G30: pcs | H30: 4 | I30: 4 | J30: =H30-I30 -> 0 | K30: 0 | L30: =SUMIFS('Cable Tray-income '!L:L,'Cable Tray-income '!F:F,케이블트레이입.출고현황!U30) -> 0 | M30: =I30-K30-L30 -> 4 | N30: =L30 -> 0 | O30: =SUMIFS('Cable Tray-Log-out'!L:L,'Cable Tray-Log-out'!D:D,U30) -> 0 | R30: =N30-O30-P30-Q30 -> 0 | U30: TRY022 | V30: Tray | W30: =D30 -> Angle duct KUN for turning horizontal cable route downwards at an anqle of 90° | X30: =E30 -> 3-KUN-0.1/0.5-M-TA4 | Y30: =F30 -> 352x496x103; T=1.5 | Z30: =G30 -> pcs | AC30: pcs
A31: TRY022.1 | B31: 27 | C31: Tray | D31: Branch section SO | E31: 3-SO-50/400-M-TA4 | F31: 780x396x48.5; I T=1.5 | G31: pcs | H31: 2 | I31: 2 | J31: =H31-I31 -> 0 | K31: 0 | L31: =SUMIFS('Cable Tray-income '!L:L,'Cable Tray-income '!F:F,케이블트레이입.출고현황!U31) -> 0 | M31: =I31-K31-L31 -> 2 | N31: =L31 -> 0 | O31: =SUMIFS('Cable Tray-Log-out'!L:L,'Cable Tray-Log-out'!D:D,U31) -> 0 | R31: =N31-O31-P31-Q31 -> 0 | U31: TRY022.1 | V31: Tray | W31: =D31 -> Branch section SO | X31: =E31 -> 3-SO-50/400-M-TA4 | Y31: =F31 -> 780x396x48.5; I T=1.5 | Z31: =G31 -> pcs | AC31: pcs
A32: TRY022.2 | B32: 28 | C32: Tray | D32: Branch section SO | E32: 3-SO-50/600-M-TA4 | F32: 980x596x48.5; I T=1-5 | G32: pcs | H32: 3 | I32: 3 | J32: =H32-I32 -> 0 | K32: 0 | L32: =SUMIFS('Cable Tray-income '!L:L,'Cable Tray-income '!F:F,케이블트레이입.출고현황!U32) -> 0 | M32: =I32-K32-L32 -> 3 | N32: =L32 -> 0 | O32: =SUMIFS('Cable Tray-Log-out'!L:L,'Cable Tray-Log-out'!D:D,U32) -> 0 | R32: =N32-O32-P32-Q32 -> 0 | U32: TRY022.2 | V32: Tray | W32: =D32 -> Branch section SO | X32: =E32 -> 3-SO-50/600-M-TA4 | Y32: =F32 -> 980x596x48.5; I T=1-5 | Z32: =G32 -> pcs | AC32: pcs
A33: TRY022.3 | B33: 29 | C33: Tray | D33: Vertical section SV-.. ./... | E33: 3-SV-50/600-M-TA4 | F33: 331x596x50; T=1.5 | G33: pcs | H33: 35 | I33: 35 | J33: =H33-I33 -> 0 | K33: 0 | L33: =SUMIFS('Cable Tray-income '!L:L,'Cable Tray-income '!F:F,케이블트레이입.출고현황!U33) -> 0 | M33: =I33-K33-L33 -> 35 | N33: =L33 -> 0 | O33: =SUMIFS('Cable Tray-Log-out'!L:L,'Cable Tray-Log-out'!D:D,U33) -> 0 | R33: =N33-O33-P33-Q33 -> 0 | U33: TRY022.3 | V33: Tray | W33: =D33 -> Vertical section SV-.. ./... | X33: =E33 -> 3-SV-50/600-M-TA4 | Y33: =F33 -> 331x596x50; T=1.5 | Z33: =G33 -> pcs | AC33: pcs
A34: TRY023 | B34: 30 | C34: Console | D34: Console KS3-340 | E34: 3-KS3-340-M-TA4 | F34: 344x45x146; T=2.0 | G34: pcs | H34: 54 | I34: 54 | J34: =H34-I34 -> 0 | K34: 0 | L34: =SUMIFS('Cable Tray-income '!L:L,'Cable Tray-income '!F:F,케이블트레이입.출고현황!U34) -> 0 | M34: =I34-K34-L34 -> 54 | N34: =L34 -> 0 | O34: =SUMIFS('Cable Tray-Log-out'!L:L,'Cable Tray-Log-out'!D:D,U34) -> 0 | R34: =N34-O34-P34-Q34 -> 0 | U34: TRY023 | V34: Console | W34: =D34 -> Console KS3-340 | X34: =E34 -> 3-KS3-340-M-TA4 | Y34: =F34 -> 344x45x146; T=2.0 | Z34: =G34 -> pcs | AC34: pcs
A35: TRY024 | B35: 31 | C35: Console | D35: Console KS3-440 | E35: 3-KS3-440-M-TA4 | F35: 444x45x146; T=2.0 | G35: pcs | H35: 176 | I35: 176 | J35: =H35-I35 -> 0 | K35: 0 | L35: =SUMIFS('Cable Tray-income '!L:L,'Cable Tray-income '!F:F,케이블트레이입.출고현황!U35) -> 0 | M35: =I35-K35-L35 -> 176 | N35: =L35 -> 0 | O35: =SUMIFS('Cable Tray-Log-out'!L:L,'Cable Tray-Log-out'!D:D,U35) -> 0 | R35: =N35-O35-P35-Q35 -> 0 | U35: TRY024 | V35: Console | W35: =D35 -> Console KS3-440 | X35: =E35 -> 3-KS3-440-M-TA4 | Y35: =F35 -> 444x45x146; T=2.0 | Z35: =G35 -> pcs | AC35: pcs
A36: TRY025 | B36: 32 | C36: Console | D36: Console KS3-540 | E36: 3-KS3-540-M-TA4 | F36: 544x45x146; T=2.0 | G36: pcs | H36: 348 | I36: 348 | J36: =H36-I36 -> 0 | K36: 0 | L36: =SUMIFS('Cable Tray-income '!L:L,'Cable Tray-income '!F:F,케이블트레이입.출고현황!U36) -> 0 | M36: =I36-K36-L36 -> 348 | N36: =L36 -> 0 | O36: =SUMIFS('Cable Tray-Log-out'!L:L,'Cable Tray-Log-out'!D:D,U36) -> 0 | R36: =N36-O36-P36-Q36 -> 0 | U36: TRY025 | V36: Console | W36: =D36 -> Console KS3-540 | X36: =E36 -> 3-KS3-540-M-TA4 | Y36: =F36 -> 544x45x146; T=2.0 | Z36: =G36 -> pcs | AC36: pcs
A37: TRY026 | B37: 33 | C37: Console | D37: Console KS3-640 | E37: 3-KS3-640-M-TA4 | F37: 644x45x146; T=3.0 | G37: pcs | H37: 4094 | I37: 4094 | J37: =H37-I37 -> 0 | K37: 0 | L37: =SUMIFS('Cable Tray-income '!L:L,'Cable Tray-income '!F:F,케이블트레이입.출고현황!U37) -> 0 | M37: =I37-K37-L37 -> 4094 | N37: =L37 -> 0 | O37: =SUMIFS('Cable Tray-Log-out'!L:L,'Cable Tray-Log-out'!D:D,U37) -> 0 | R37: =N37-O37-P37-Q37 -> 0 | U37: TRY026 | V37: Console | W37: =D37 -> Console KS3-640 | X37: =E37 -> 3-KS3-640-M-TA4 | Y37: =F37 -> 644x45x146; T=3.0 | Z37: =G37 -> pcs | AC37: pcs
A38: TRY027 | B38: 34 | C38: Console | D38: Console KS3-750 | E38: 3-KS3-750-M-TA4 | F38: 754x45x146; T=3.0 | G38: pcs | H38: 1865 | I38: 1865 | J38: =H38-I38 -> 0 | K38: 0 | L38: =SUMIFS('Cable Tray-income '!L:L,'Cable Tray-income '!F:F,케이블트레이입.출고현황!U38) -> 423 | M38: =I38-K38-L38 -> 1442 | N38: =L38 -> 423 | O38: =SUMIFS('Cable Tray-Log-out'!L:L,'Cable Tray-Log-out'!D:D,U38) -> 144 | R38: =N38-O38-P38-Q38 -> 279 | U38: TRY027 | V38: Console | W38: =D38 -> Console KS3-750 | X38: =E38 -> 3-KS3-750-M-TA4 | Y38: =F38 -> 754x45x146; T=3.0 | Z38: =G38 -> pcs | AC38: pcs
A39: TRY028 | B39: 35 | C39: Console | D39: Console KS3-850 | E39: 3-KS3-850-M-TA4 | F39: 850x50x180; T=4.0 | G39: pcs | H39: 82 | I39: 82 | J39: =H39-I39 -> 0 | K39: 0 | L39: =SUMIFS('Cable Tray-income '!L:L,'Cable Tray-income '!F:F,케이블트레이입.출고현황!U39) -> 0 | M39: =I39-K39-L39 -> 82 | N39: =L39 -> 0 | O39: =SUMIFS('Cable Tray-Log-out'!L:L,'Cable Tray-Log-out'!D:D,U39) -> 0 | R39: =N39-O39-P39-Q39 -> 0 | U39: TRY028 | V39: Console | W39: =D39 -> Console KS3-850 | X39: =E39 -> 3-KS3-850-M-TA4 | Y39: =F39 -> 850x50x180; T=4.0 | Z39: =G39 -> pcs | AC39: pcs
A40: TRY029 | B40: 36 | C40: Console | D40: Console KS3-1050 | E40: 3-KS3-1050-M-TA4 | F40: 1050x50x180; T=4.0 | G40: pcs | H40: 80 | I40: 80 | J40: =H40-I40 -> 0 | K40: 0 | L40: =SUMIFS('Cable Tray-income '!L:L,'Cable Tray-income '!F:F,케이블트레이입.출고현황!U40) -> 0 | M40: =I40-K40-L40 -> 80 | N40: =L40 -> 0 | O40: =SUMIFS('Cable Tray-Log-out'!L:L,'Cable Tray-Log-out'!D:D,U40) -> 0 | R40: =N40-O40-P40-Q40 -> 0 | U40: TRY029 | V40: Console | W40: =D40 -> Console KS3-1050 | X40: =E40 -> 3-KS3-1050-M-TA4 | Y40: =F40 -> 1050x50x180; T=4.0 | Z40: =G40 -> pcs | AC40: pcs
A41: TRY030 | B41: 37 | D41: Perforated Z-section | E41: 3-PZ-N-83x40x80x8-TA4 | F41: 83x40x80x8; T=3.0 | G41: pcs | H41: 10 | I41: 10 | J41: =H41-I41 -> 0 | K41: 0 | L41: =SUMIFS('Cable Tray-income '!L:L,'Cable Tray-income '!F:F,케이블트레이입.출고현황!U41) -> 0 | M41: =I41-K41-L41 -> 10 | N41: =L41 -> 0 | O41: =SUMIFS('Cable Tray-Log-out'!L:L,'Cable Tray-Log-out'!D:D,U41) -> 0 | R41: =N41-O41-P41-Q41 -> 0 | U41: TRY030 | W41: =D41 -> Perforated Z-section | X41: =E41 -> 3-PZ-N-83x40x80x8-TA4 | Y41: =F41 -> 83x40x80x8; T=3.0 | Z41: =G41 -> pcs | AC41: pcs
A42: TRY030.1 | B42: 38 | C42: Rack | D42: Rack ST | E42: 3-ST-60-4-M-TA4 | F42: 600x63x37; T=4.0 | G42: pcs | H42: 1 | I42: 1 | J42: =H42-I42 -> 0 | K42: 0 | L42: =SUMIFS('Cable Tray-income '!L:L,'Cable Tray-income '!F:F,케이블트레이입.출고현황!U42) -> 0 | M42: =I42-K42-L42 -> 1 | N42: =L42 -> 0 | O42: =SUMIFS('Cable Tray-Log-out'!L:L,'Cable Tray-Log-out'!D:D,U42) -> 0 | R42: =N42-O42-P42-Q42 -> 0 | U42: TRY030.1 | V42: Rack | W42: =D42 -> Rack ST | X42: =E42 -> 3-ST-60-4-M-TA4 | Y42: =F42 -> 600x63x37; T=4.0 | Z42: =G42 -> pcs | AC42: pcs
A43: TRY030.2 | B43: 39 | C43: Rack | D43: Rack ST | E43: 3-ST-80-4-M-TA4 | F43: 800x63x37; T=4.0 | G43: pcs | H43: 15 | I43: 15 | J43: =H43-I43 -> 0 | K43: 0 | L43: =SUMIFS('Cable Tray-income '!L:L,'Cable Tray-income '!F:F,케이블트레이입.출고현황!U43) -> 0 | M43: =I43-K43-L43 -> 15 | N43: =L43 -> 0 | O43: =SUMIFS('Cable Tray-Log-out'!L:L,'Cable Tray-Log-out'!D:D,U43) -> 0 | R43: =N43-O43-P43-Q43 -> 0 | U43: TRY030.2 | V43: Rack | W43: =D43 -> Rack ST | X43: =E43 -> 3-ST-80-4-M-TA4 | Y43: =F43 -> 800x63x37; T=4.0 | Z43: =G43 -> pcs | AC43: pcs
A44: TRY031 | B44: 40 | C44: Rack | D44: Rack ST | E44: 3-ST-90-4-M-TA4 | F44: 900x63x37x20; T=4.0 | G44: pcs | H44: 286 | I44: 286 | J44: =H44-I44 -> 0 | K44: 0 | L44: =SUMIFS('Cable Tray-income '!L:L,'Cable Tray-income '!F:F,케이블트레이입.출고현황!U44) -> 0 | M44: =I44-K44-L44 -> 286 | N44: =L44 -> 0 | O44: =SUMIFS('Cable Tray-Log-out'!L:L,'Cable Tray-Log-out'!D:D,U44) -> 0 | R44: =N44-O44-P44-Q44 -> 0 | U44: TRY031 | V44: Rack | W44: =D44 -> Rack ST | X44: =E44 -> 3-ST-90-4-M-TA4 | Y44: =F44 -> 900x63x37x20; T=4.0 | Z44: =G44 -> pcs | AC44: pcs
A45: TRY031.1 | B45: 41 | C45: Rack | D45: Rack ST | E45: 3-ST-100-4-M-TA4 | F45: 1000x 63x37; T=4.0 | G45: pcs | H45: 3 | I45: 3 | J45: =H45-I45 -> 0 | K45: 0 | L45: =SUMIFS('Cable Tray-income '!L:L,'Cable Tray-income '!F:F,케이블트레이입.출고현황!U45) -> 0 | M45: =I45-K45-L45 -> 3 | N45: =L45 -> 0 | O45: =SUMIFS('Cable Tray-Log-out'!L:L,'Cable Tray-Log-out'!D:D,U45) -> 0 | R45: =N45-O45-P45-Q45 -> 0 | U45: TRY031.1 | V45: Rack | W45: =D45 -> Rack ST | X45: =E45 -> 3-ST-100-4-M-TA4 | Y45: =F45 -> 1000x 63x37; T=4.0 | Z45: =G45 -> pcs | AC45: pcs
A46: TRY032 | B46: 42 | C46: Rack | D46: Rack ST | E46: 3-ST-120-4-M-TA4 | F46: 1200x63x37x20; T=4.0 | G46: pcs | H46: 24 | I46: 24 | J46: =H46-I46 -> 0 | K46: 0 | L46: =SUMIFS('Cable Tray-income '!L:L,'Cable Tray-income '!F:F,케이블트레이입.출고현황!U46) -> 0 | M46: =I46-K46-L46 -> 24 | N46: =L46 -> 0 | O46: =SUMIFS('Cable Tray-Log-out'!L:L,'Cable Tray-Log-out'!D:D,U46) -> 0 | R46: =N46-O46-P46-Q46 -> 0 | U46: TRY032 | V46: Rack | W46: =D46 -> Rack ST | X46: =E46 -> 3-ST-120-4-M-TA4 | Y46: =F46 -> 1200x63x37x20; T=4.0 | Z46: =G46 -> pcs | AC46: pcs
A47: TRY033 | B47: 43 | C47: Rack | D47: Rack ST | E47: 3-ST-150-4-M-TA4 | F47: 1500x63x37x20; T=4.0 | G47: pcs | H47: 223 | I47: 223 | J47: =H47-I47 -> 0 | K47: 0 | L47: =SUMIFS('Cable Tray-income '!L:L,'Cable Tray-income '!F:F,케이블트레이입.출고현황!U47) -> 0 | M47: =I47-K47-L47 -> 223 | N47: =L47 -> 0 | O47: =SUMIFS('Cable Tray-Log-out'!L:L,'Cable Tray-Log-out'!D:D,U47) -> 0 | R47: =N47-O47-P47-Q47 -> 0 | U47: TRY033 | V47: Rack | W47: =D47 -> Rack ST | X47: =E47 -> 3-ST-150-4-M-TA4 | Y47: =F47 -> 1500x63x37x20; T=4.0 | Z47: =G47 -> pcs | AC47: pcs
A48: TRY033.1 | B48: 44 | C48: Rack | D48: Rack ST | E48: 3-ST-160-4-M-TA4 | F48: 1600x63x37; T=4.0 | G48: pcs | H48: 3 | I48: 3 | J48: =H48-I48 -> 0 | K48: 0 | L48: =SUMIFS('Cable Tray-income '!L:L,'Cable Tray-income '!F:F,케이블트레이입.출고현황!U48) -> 0 | M48: =I48-K48-L48 -> 3 | N48: =L48 -> 0 | O48: =SUMIFS('Cable Tray-Log-out'!L:L,'Cable Tray-Log-out'!D:D,U48) -> 0 | R48: =N48-O48-P48-Q48 -> 0 | U48: TRY033.1 | V48: Rack | W48: =D48 -> Rack ST | X48: =E48 -> 3-ST-160-4-M-TA4 | Y48: =F48 -> 1600x63x37; T=4.0 | Z48: =G48 -> pcs | AC48: pcs
A49: TRY033.2 | B49: 45 | C49: Rack | D49: Rack ST | E49: 3-ST-180-4-M-TA4 | F49: 1800x63x37; T=4.0 | G49: pcs | H49: 56 | I49: 56 | J49: =H49-I49 -> 0 | K49: 0 | L49: =SUMIFS('Cable Tray-income '!L:L,'Cable Tray-income '!F:F,케이블트레이입.출고현황!U49) -> 0 | M49: =I49-K49-L49 -> 56 | N49: =L49 -> 0 | O49: =SUMIFS('Cable Tray-Log-out'!L:L,'Cable Tray-Log-out'!D:D,U49) -> 0 | R49: =N49-O49-P49-Q49 -> 0 | U49: TRY033.2 | V49: Rack | W49: =D49 -> Rack ST | X49: =E49 -> 3-ST-180-4-M-TA4 | Y49: =F49 -> 1800x63x37; T=4.0 | Z49: =G49 -> pcs | AC49: pcs
A50: TRY034 | B50: 46 | C50: Rack | D50: Rack ST | E50: 3-ST-200-4-M-TA4 | F50: 2000x63x37x20; T=4.0 | G50: pcs | H50: 321 | I50: 321 | J50: =H50-I50 -> 0 | K50: 0 | L50: =SUMIFS('Cable Tray-income '!L:L,'Cable Tray-income '!F:F,케이블트레이입.출고현황!U50) -> 0 | M50: =I50-K50-L50 -> 321 | N50: =L50 -> 0 | O50: =SUMIFS('Cable Tray-Log-out'!L:L,'Cable Tray-Log-out'!D:D,U50) -> 0 | R50: =N50-O50-P50-Q50 -> 0 | U50: TRY034 | V50: Rack | W50: =D50 -> Rack ST | X50: =E50 -> 3-ST-200-4-M-TA4 | Y50: =F50 -> 2000x63x37x20; T=4.0 | Z50: =G50 -> pcs | AC50: pcs
A51: TRY034.1 | B51: 47 | C51: Rack | D51: Rack ST | E51: 3-ST-240-4-M-TA4 | F51: 2400x63x37; T=4.0 | G51: pcs | H51: 0 | I51: 0 | J51: =H51-I51 -> 0 | K51: 0 | L51: =SUMIFS('Cable Tray-income '!L:L,'Cable Tray-income '!F:F,케이블트레이입.출고현황!U51) -> 0 | M51: =I51-K51-L51 -> 0 | N51: =L51 -> 0 | O51: =SUMIFS('Cable Tray-Log-out'!L:L,'Cable Tray-Log-out'!D:D,U51) -> 0 | R51: =N51-O51-P51-Q51 -> 0 | U51: TRY034.1 | V51: Rack | W51: =D51 -> Rack ST | X51: =E51 -> 3-ST-240-4-M-TA4 | Y51: =F51 -> 2400x63x37; T=4.0 | Z51: =G51 -> pcs | AC51: pcs
A52: TRY035 | B52: 48 | C52: Rack | D52: Rack ST | E52: 3-ST-260-4-M-TA4 | F52: 2600x63x37x20; T=4.0 | G52: pcs | H52: 244 | I52: 244 | J52: =H52-I52 -> 0 | K52: 0 | L52: =SUMIFS('Cable Tray-income '!L:L,'Cable Tray-income '!F:F,케이블트레이입.출고현황!U52) -> 119 | M52: =I52-K52-L52 -> 125 | N52: =L52 -> 119 | O52: =SUMIFS('Cable Tray-Log-out'!L:L,'Cable Tray-Log-out'!D:D,U52) -> 18 | R52: =N52-O52-P52-Q52 -> 101 | U52: TRY035 | V52: Rack | W52: =D52 -> Rack ST | X52: =E52 -> 3-ST-260-4-M-TA4 | Y52: =F52 -> 2600x63x37x20; T=4.0 | Z52: =G52 -> pcs | AC52: pcs
A53: TRY035.1 | B53: 49 | C53: Rack | D53: Rack ST | E53: 3-ST-280-4-M-TA4 | F53: 2800x63x37; T=4.0 | G53: pcs | H53: 2 | I53: 2 | J53: =H53-I53 -> 0 | K53: 0 | L53: =SUMIFS('Cable Tray-income '!L:L,'Cable Tray-income '!F:F,케이블트레이입.출고현황!U53) -> 0 | M53: =I53-K53-L53 -> 2 | N53: =L53 -> 0 | O53: =SUMIFS('Cable Tray-Log-out'!L:L,'Cable Tray-Log-out'!D:D,U53) -> 0 | R53: =N53-O53-P53-Q53 -> 0 | U53: TRY035.1 | V53: Rack | W53: =D53 -> Rack ST | X53: =E53 -> 3-ST-280-4-M-TA4 | Y53: =F53 -> 2800x63x37; T=4.0 | Z53: =G53 -> pcs | AC53: pcs
... A67: TRY046 | B67: 63 | C67: Clamp&Gusset | D67: Simple gusset KP for racks ST | E67: 3-KP-4-M-TA4 | F67: 170x72x110; T=4.0 | G67: pcs | H67: 74 | I67: 74 | J67: =H67-I67 -> 0 | K67: 0 | L67: =SUMIFS('Cable Tray-income '!L:L,'Cable Tray-income '!F:F,케이블트레이입.출고현황!U67) -> 56 | M67: =I67-K67-L67 -> 18 | N67: =L67 -> 56 | O67: =SUMIFS('Cable Tray-Log-out'!L:L,'Cable Tray-Log-out'!D:D,U67) -> 0 | R67: =N67-O67-P67-Q67 -> 56 | U67: TRY046 | V67: Simple gusset | W67: =D67 -> Simple gusset KP for racks ST | X67: =E67 -> 3-KP-4-M-TA4 | Y67: =F67 -> 170x72x110; T=4.0 | Z67: =G67 -> pcs | AC67: pcs
A68: TRY047 | B68: 64 | D68: Transition angle UP | E68: 3-UP-4-M-TA4 | F68: 60x60; T=4.0 | G68: pcs | H68: 1176 | I68: 1176 | J68: =H68-I68 -> 0 | K68: 0 | L68: =SUMIFS('Cable Tray-income '!L:L,'Cable Tray-income '!F:F,케이블트레이입.출고현황!U68) -> 0 | M68: =I68-K68-L68 -> 1176 | N68: =L68 -> 0 | O68: =SUMIFS('Cable Tray-Log-out'!L:L,'Cable Tray-Log-out'!D:D,U68) -> 0 | R68: =N68-O68-P68-Q68 -> 0 | U68: TRY047 | W68: =D68 -> Transition angle UP | X68: =E68 -> 3-UP-4-M-TA4 | Y68: =F68 -> 60x60; T=4.0 | Z68: =G68 -> pcs | AC68: pcs
A69: TRY048 | B69: 65 | D69: Mounting unit UK-50 | E69: 3-UK-50 | F69: 70x30x32; T=2.0 | G69: pcs | H69: 56 | I69: 56 | J69: =H69-I69 -> 0 | K69: 0 | L69: =SUMIFS('Cable Tray-income '!L:L,'Cable Tray-income '!F:F,케이블트레이입.출고현황!U69) -> 0 | M69: =I69-K69-L69 -> 56 | N69: =L69 -> 0 | O69: =SUMIFS('Cable Tray-Log-out'!L:L,'Cable Tray-Log-out'!D:D,U69) -> 0 | R69: =N69-O69-P69-Q69 -> 0 | U69: TRY048 | W69: =D69 -> Mounting unit UK-50 | X69: =E69 -> 3-UK-50 | Y69: =F69 -> 70x30x32; T=2.0 | Z69: =G69 -> pcs | AC69: pcs
A70: TRY049 | B70: 66 | C70: Clamp&Gusset | D70: Side gusset KB for racks ST | E70: 3-KB-4-M-TA4 | F70: 150x72x70; T=4.0 | G70: pcs | H70: 4700 | I70: 4700 | J70: =H70-I70 -> 0 | K70: 0 | L70: =SUMIFS('Cable Tray-income '!L:L,'Cable Tray-income '!F:F,케이블트레이입.출고현황!U70) -> 1046 | M70: =I70-K70-L70 -> 3654 | N70: =L70 -> 1046 | O70: =SUMIFS('Cable Tray-Log-out'!L:L,'Cable Tray-Log-out'!D:D,U70) -> 90 | R70: =N70-O70-P70-Q70 -> 956 | U70: TRY049 | V70: Side gusset | W70: =D70 -> Side gusset KB for racks ST | X70: =E70 -> 3-KB-4-M-TA4 | Y70: =F70 -> 150x72x70; T=4.0 | Z70: =G70 -> pcs | AC70: pcs
A71: TRY050 | B71: 67 | C71: Clamp&Gusset | D71: Double gusset KD for racks STD | E71: 3-KD-4-M-TA4 | F71: 109x72x72x110; T=4.0 | G71: pcs | H71: 153 | I71: 153 | J71: =H71-I71 -> 0 | K71: 0 | L71: =SUMIFS('Cable Tray-income '!L:L,'Cable Tray-income '!F:F,케이블트레이입.출고현황!U71) -> 141 | M71: =I71-K71-L71 -> 12 | N71: =L71 -> 141 | O71: =SUMIFS('Cable Tray-Log-out'!L:L,'Cable Tray-Log-out'!D:D,U71) -> 0 | R71: =N71-O71-P71-Q71 -> 141 | U71: TRY050 | V71: Double gusset | W71: =D71 -> Double gusset KD for racks STD | X71: =E71 -> 3-KD-4-M-TA4 | Y71: =F71 -> 109x72x72x110; T=4.0 | Z71: =G71 -> pcs | AC71: pcs
A72: TRY051 | B72: 68 | C72: Clamp&Gusset | D72: Double reinforced gusset KOU for racks ST with strut RP | E72: 3-KDU-4-M-TA4 | F72: 250x72x110; T=4.0 | G72: pcs | H72: 236 | I72: 236 | J72: =H72-I72 -> 0 | K72: 0 | L72: =SUMIFS('Cable Tray-income '!L:L,'Cable Tray-income '!F:F,케이블트레이입.출고현황!U72) -> 0 | M72: =I72-K72-L72 -> 236 | N72: =L72 -> 0 | O72: =SUMIFS('Cable Tray-Log-out'!L:L,'Cable Tray-Log-out'!D:D,U72) -> 0 | R72: =N72-O72-P72-Q72 -> 0 | U72: TRY051 | V72: Double gusset | W72: =D72 -> Double reinforced gusset KOU for racks ST with strut RP | X72: =E72 -> 3-KDU-4-M-TA4 | Y72: =F72 -> 250x72x110; T=4.0 | Z72: =G72 -> pcs | AC72: pcs
A73: TRY051.1 | B73: 69 | D73: Base OSD for racks STD | E73: 3-OSD-4-M-TA4 | F73: 109x50x260; T=4.0 | G73: pcs | H73: 16 | I73: 16 | J73: =H73-I73 -> 0 | K73: 0 | L73: =SUMIFS('Cable Tray-income '!L:L,'Cable Tray-income '!F:F,케이블트레이입.출고현황!U73) -> 0 | M73: =I73-K73-L73 -> 16 | N73: =L73 -> 0 | O73: =SUMIFS('Cable Tray-Log-out'!L:L,'Cable Tray-Log-out'!D:D,U73) -> 0 | R73: =N73-O73-P73-Q73 -> 0 | U73: TRY051.1 | W73: =D73 -> Base OSD for racks STD | X73: =E73 -> 3-OSD-4-M-TA4 | Y73: =F73 -> 109x50x260; T=4.0 | Z73: =G73 -> pcs | AC73: pcs
A74: TRY052 | B74: 70 | D74: Base OSD for racks STD | E74: 3-OSD-4-M-TA4 | F74: 109x72x50x260; T=4.0 | G74: pcs | H74: 168 | I74: 168 | J74: =H74-I74 -> 0 | K74: 0 | L74: =SUMIFS('Cable Tray-income '!L:L,'Cable Tray-income '!F:F,케이블트레이입.출고현황!U74) -> 0 | M74: =I74-K74-L74 -> 168 | N74: =L74 -> 0 | O74: =SUMIFS('Cable Tray-Log-out'!L:L,'Cable Tray-Log-out'!D:D,U74) -> 0 | R74: =N74-O74-P74-Q74 -> 0 | U74: TRY052 | W74: =D74 -> Base OSD for racks STD | X74: =E74 -> 3-OSD-4-M-TA4 | Y74: =F74 -> 109x72x50x260; T=4.0 | Z74: =G74 -> pcs | AC74: pcs
A75: TRY053 | B75: 71 | C75: Clamp&Gusset | D75: Transition clamp SP 150 for gussets | E75: 3-SP-150-M-TA4 | F75: 150x142x59; T=4.0 | G75: pcs | H75: 4926 | I75: 4926 | J75: =H75-I75 -> 0 | K75: 0 | L75: =SUMIFS('Cable Tray-income '!L:L,'Cable Tray-income '!F:F,케이블트레이입.출고현황!U75) -> 1102 | M75: =I75-K75-L75 -> 3824 | N75: =L75 -> 1102 | O75: =SUMIFS('Cable Tray-Log-out'!L:L,'Cable Tray-Log-out'!D:D,U75) -> 90 | R75: =N75-O75-P75-Q75 -> 1012 | U75: TRY053 | V75: Transition clamp | W75: =D75 -> Transition clamp SP 150 for gussets | X75: =E75 -> 3-SP-150-M-TA4 | Y75: =F75 -> 150x142x59; T=4.0 | Z75: =G75 -> pcs | AC75: pcs
A76: TRY054 | B76: 72 | C76: Clamp&Gusset | D76: Transition clamp SP 150P for gussets for welding | E76: 3-SP-150P-M-TA4 | F76: 150x72x59; T=4.0 | G76: pcs | H76: 336 | I76: 336 | J76: =H76-I76 -> 0 | K76: 0 | L76: =SUMIFS('Cable Tray-income '!L:L,'Cable Tray-income '!F:F,케이블트레이입.출고현황!U76) -> 0 | M76: =I76-K76-L76 -> 336 | N76: =L76 -> 0 | O76: =SUMIFS('Cable Tray-Log-out'!L:L,'Cable Tray-Log-out'!D:D,U76) -> 0 | R76: =N76-O76-P76-Q76 -> 0 | U76: TRY054 | V76: Transition clamp for welding | W76: =D76 -> Transition clamp SP 150P for gussets for welding | X76: =E76 -> 3-SP-150P-M-TA4 | Y76: =F76 -> 150x72x59; T=4.0 | Z76: =G76 -> pcs | AC76: pcs
A77: TRY055 | B77: 73 | D77: Hilti anchor | E77: HDA-P M12 | F77: HDA-P M12x125/30 | G77: pcs | H77: 0 | I77: 0 | J77: =H77-I77 -> 0 | K77: 0 | L77: =SUMIFS('Cable Tray-income '!L:L,'Cable Tray-income '!F:F,케이블트레이입.출고현황!U77) -> 0 | M77: =I77-K77-L77 -> 0 | N77: =L77 -> 0 | O77: =SUMIFS('Cable Tray-Log-out'!L:L,'Cable Tray-Log-out'!D:D,U77) -> 0 | R77: =N77-O77-P77-Q77 -> 0 | U77: TRY055 | W77: =D77 -> Hilti anchor | X77: =E77 -> HDA-P M12 | Y77: =F77 -> HDA-P M12x125/30 | Z77: =G77 -> pcs | AC77: pcs
A78: TRY055.1 | B78: 74 | D78: Hilti anchor | E78: HDA-P M10 | F78: HDA-P M10x100/20 | G78: pcs | H78: 0 | I78: 0 | J78: =H78-I78 -> 0 | K78: 0 | L78: =SUMIFS('Cable Tray-income '!L:L,'Cable Tray-income '!F:F,케이블트레이입.출고현황!U78) -> 0 | M78: =I78-K78-L78 -> 0 | N78: =L78 -> 0 | O78: =SUMIFS('Cable Tray-Log-out'!L:L,'Cable Tray-Log-out'!D:D,U78) -> 0 | R78: =N78-O78-P78-Q78 -> 0 | U78: TRY055.1 | W78: =D78 -> Hilti anchor | X78: =E78 -> HDA-P M10 | Y78: =F78 -> HDA-P M10x100/20 | Z78: =G78 -> pcs | AC78: pcs
A79: TRY056 | B79: 75 | D79: Section | E79: - | F79: 200x100x8; L=400 | G79: pcs | H79: 0 | I79: 0 | J79: =H79-I79 -> 0 | K79: 0 | L79: =SUMIFS('Cable Tray-income '!L:L,'Cable Tray-income '!F:F,케이블트레이입.출고현황!U79) -> 0 | M79: =I79-K79-L79 -> 0 | N79: =L79 -> 0 | O79: =SUMIFS('Cable Tray-Log-out'!L:L,'Cable Tray-Log-out'!D:D,U79) -> 0 | R79: =N79-O79-P79-Q79 -> 0 | U79: TRY056 | W79: =D79 -> Section | X79: =E79 -> - | Y79: =F79 -> 200x100x8; L=400 | Z79: =G79 -> pcs | AC79: pcs
A80: TRY057 | B80: 76 | D80: Section | E80: - | F80: 200x100x8; L=200 | G80: pcs | H80: 0 | I80: 0 | J80: =H80-I80 -> 0 | K80: 0 | L80: =SUMIFS('Cable Tray-income '!L:L,'Cable Tray-income '!F:F,케이블트레이입.출고현황!U80) -> 0 | M80: =I80-K80-L80 -> 0 | N80: =L80 -> 0 | O80: =SUMIFS('Cable Tray-Log-out'!L:L,'Cable Tray-Log-out'!D:D,U80) -> 0 | R80: =N80-O80-P80-Q80 -> 0 | U80: TRY057 | W80: =D80 -> Section | X80: =E80 -> - | Y80: =F80 -> 200x100x8; L=200 | Z80: =G80 -> pcs | AC80: pcs
U81: 1.2.13 | W81: =D81 -> 0 | Z81: =G81 -> 0 | AC81: 0
D83: ▶▶
A84: 1 | B84: 2 | C84: 3 | D84: 4 | E84: 5 | F84: 6 | G84: 7 | H84: 8 | I84: 9 | J84: 10 | K84: 11 | L84: 12 | M84: 13 | N84: 14 | O84: 15 | P84: 16 | Q84: 17 | R84: 18 | S84: 19 | T84: 20 | U84: 21 | V84: 22 | W84: 23 | X84: 24 | Y84: 25 | Z84: 26

Sheet Cable Tray-income  
B1: POR CONTROL LOG - Income
B2: 【Project : El-Dabaa Nuclear Power Plant (ENPP) #1 to 4】 | J2: from Doosan to Daesun
B3: No | C3: RSI No | D3: POR | E3: Date | F3: Material No. | G3: Sortation | H3: Items / Services | I3: Applicable Code & Standards | J3: Size | K3: Unit | L3: Q'TY | M3: Remarks
B5: 1 | C5: RSI2026001190 | D5: 9-072-D-450-1043-E | E5: 46109 | F5: TRY046 | G5: =IFERROR(VLOOKUP(F5,케이블트레이입.출고현황!U:W,2,0),"") -> Simple gusset | H5: =IFERROR(VLOOKUP(G5,케이블트레이입.출고현황!V:X,2,0),"") -> Simple gusset KP for racks ST | I5: =IFERROR(VLOOKUP(H5,케이블트레이입.출고현황!W:Y,2,0),"") -> 3-KP-4-M-TA4 | J5: =IFERROR(VLOOKUP(I5,케이블트레이입.출고현황!X:Z,2,0),"") -> 170x72x110; T=4.0 | K5: =IFERROR(VLOOKUP(J5,케이블트레이입.출고현황!Y:AA,2,0),"") -> pcs | L5: 56
B6: 2 | C6: RSI2026001190 | D6: 9-072-D-450-1043-E | E6: 46109 | F6: TRY049 | G6: =IFERROR(VLOOKUP(F6,케이블트레이입.출고현황!U:W,2,0),"") -> Side gusset | H6: =IFERROR(VLOOKUP(G6,케이블트레이입.출고현황!V:X,2,0),"") -> Side gusset KB for racks ST | I6: =IFERROR(VLOOKUP(H6,케이블트레이입.출고현황!W:Y,2,0),"") -> 3-KB-4-M-TA4 | J6: =IFERROR(VLOOKUP(I6,케이블트레이입.출고현황!X:Z,2,0),"") -> 150x72x70; T=4.0 | K6: =IFERROR(VLOOKUP(J6,케이블트레이입.출고현황!Y:AA,2,0),"") -> pcs | L6: 1046
B7: 3 | C7: RSI2026001190 | D7: 9-072-D-450-1043-E | E7: 46109 | F7: TRY050 | G7: =IFERROR(VLOOKUP(F7,케이블트레이입.출고현황!U:W,2,0),"") -> Double gusset | H7: =IFERROR(VLOOKUP(G7,케이블트레이입.출고현황!V:X,2,0),"") -> Double gusset KD for racks STD | I7: =IFERROR(VLOOKUP(H7,케이블트레이입.출고현황!W:Y,2,0),"") -> 3-KD-4-M-TA4 | J7: =IFERROR(VLOOKUP(I7,케이블트레이입.출고현황!X:Z,2,0),"") -> 109x72x72x110; T=4.0 | K7: =IFERROR(VLOOKUP(J7,케이블트레이입.출고현황!Y:AA,2,0),"") -> pcs | L7: 141
B8: 4 | C8: RSI2026001190 | D8: 9-072-D-450-1043-E | E8: 46109 | F8: TRY053 | G8: =IFERROR(VLOOKUP(F8,케이블트레이입.출고현황!U:W,2,0),"") -> Transition clamp | H8: =IFERROR(VLOOKUP(G8,케이블트레이입.출고현황!V:X,2,0),"") -> Transition clamp SP 150 for gussets | I8: =IFERROR(VLOOKUP(H8,케이블트레이입.출고현황!W:Y,2,0),"") -> 3-SP-150-M-TA4 | J8: =IFERROR(VLOOKUP(I8,케이블트레이입.출고현황!X:Z,2,0),"") -> 150x142x59; T=4.0 | K8: =IFERROR(VLOOKUP(J8,케이블트레이입.출고현황!Y:AA,2,0),"") -> pcs | L8: 1102
B9: 5 | C9: RSI2026001809 | D9: 9-072-D-450-1043-E | E9: 46141 | F9: TRY027 | G9: =IFERROR(VLOOKUP(F9,케이블트레이입.출고현황!U:W,2,0),"") -> Console | H9: =IFERROR(VLOOKUP(G9,케이블트레이입.출고현황!V:X,2,0),"") -> Console KS3-340 | I9: =IFERROR(VLOOKUP(H9,케이블트레이입.출고현황!W:Y,2,0),"") -> 3-KS3-340-M-TA4 | J9: =IFERROR(VLOOKUP(I9,케이블트레이입.출고현황!X:Z,2,0),"") -> 344x45x146; T=2.0 | K9: =IFERROR(VLOOKUP(J9,케이블트레이입.출고현황!Y:AA,2,0),"") -> pcs | L9: 423
B10: 6 | C10: RSI2026001809 | D10: 9-072-D-450-1043-E | E10: 46141 | F10: TRY035 | G10: =IFERROR(VLOOKUP(F10,케이블트레이입.출고현황!U:W,2,0),"") -> Rack | H10: =IFERROR(VLOOKUP(G10,케이블트레이입.출고현황!V:X,2,0),"") -> Rack ST | I10: =IFERROR(VLOOKUP(H10,케이블트레이입.출고현황!W:Y,2,0),"") -> 3-ST-60-4-M-TA4 | J10: =IFERROR(VLOOKUP(I10,케이블트레이입.출고현황!X:Z,2,0),"") -> 600x63x37; T=4.0 | K10: =IFERROR(VLOOKUP(J10,케이블트레이입.출고현황!Y:AA,2,0),"") -> pcs | L10: 119
B11: 7 | G11: =IFERROR(VLOOKUP(F11,케이블트레이입.출고현황!U:W,2,0),"") | H11: =IFERROR(VLOOKUP(G11,케이블트레이입.출고현황!V:X,2,0),"") | I11: =IFERROR(VLOOKUP(H11,케이블트레이입.출고현황!W:Y,2,0),"") | J11: =IFERROR(VLOOKUP(I11,케이블트레이입.출고현황!X:Z,2,0),"") | K11: =IFERROR(VLOOKUP(J11,케이블트레이입.출고현황!Y:AA,2,0),"")
B12: 8 | G12: =IFERROR(VLOOKUP(F12,케이블트레이입.출고현황!U:W,2,0),"") | H12: =IFERROR(VLOOKUP(G12,케이블트레이입.출고현황!V:X,2,0),"") | I12: =IFERROR(VLOOKUP(H12,케이블트레이입.출고현황!W:Y,2,0),"") | J12: =IFERROR(VLOOKUP(I12,케이블트레이입.출고현황!X:Z,2,0),"") | K12: =IFERROR(VLOOKUP(J12,케이블트레이입.출고현황!Y:AA,2,0),"")
B13: 9 | G13: =IFERROR(VLOOKUP(F13,케이블트레이입.출고현황!U:W,2,0),"") | H13: =IFERROR(VLOOKUP(G13,케이블트레이입.출고현황!V:X,2,0),"") | I13: =IFERROR(VLOOKUP(H13,케이블트레이입.출고현황!W:Y,2,0),"") | J13: =IFERROR(VLOOKUP(I13,케이블트레이입.출고현황!X:Z,2,0),"") | K13: =IFERROR(VLOOKUP(J13,케이블트레이입.출고현황!Y:AA,2,0),"")
G14: =IFERROR(VLOOKUP(F14,케이블트레이입.출고현황!U:W,2,0),"") | H14: =IFERROR(VLOOKUP(G14,케이블트레이입.출고현황!V:X,2,0),"") | I14: =IFERROR(VLOOKUP(H14,케이블트레이입.출고현황!W:Y,2,0),"") | J14: =IFERROR(VLOOKUP(I14,케이블트레이입.출고현황!X:Z,2,0),"") | K14: =IFERROR(VLOOKUP(J14,케이블트레이입.출고현황!Y:AA,2,0),"")
G15: =IFERROR(VLOOKUP(F15,케이블트레이입.출고현황!U:W,2,0),"") | H15: =IFERROR(VLOOKUP(G15,케이블트레이입.출고현황!V:X,2,0),"") | I15: =IFERROR(VLOOKUP(H15,케이블트레이입.출고현황!W:Y,2,0),"") | J15: =IFERROR(VLOOKUP(I15,케이블트레이입.출고현황!X:Z,2,0),"") | K15: =IFERROR(VLOOKUP(J15,케이블트레이입.출고현황!Y:AA,2,0),"")
G16: =IFERROR(VLOOKUP(F16,케이블트레이입.출고현황!U:W,2,0),"") | H16: =IFERROR(VLOOKUP(G16,케이블트레이입.출고현황!V:X,2,0),"") | I16: =IFERROR(VLOOKUP(H16,케이블트레이입.출고현황!W:Y,2,0),"") | J16: =IFERROR(VLOOKUP(I16,케이블트레이입.출고현황!X:Z,2,0),"") | K16: =IFERROR(VLOOKUP(J16,케이블트레이입.출고현황!Y:AA,2,0),"")
G17: =IFERROR(VLOOKUP(F17,케이블트레이입.출고현황!U:W,2,0),"") | H17: =IFERROR(VLOOKUP(G17,케이블트레이입.출고현황!V:X,2,0),"") | I17: =IFERROR(VLOOKUP(H17,케이블트레이입.출고현황!W:Y,2,0),"") | J17: =IFERROR(VLOOKUP(I17,케이블트레이입.출고현황!X:Z,2,0),"") | K17: =IFERROR(VLOOKUP(J17,케이블트레이입.출고현황!Y:AA,2,0),"")
G18: =IFERROR(VLOOKUP(F18,케이블트레이입.출고현황!U:W,2,0),"") | H18: =IFERROR(VLOOKUP(G18,케이블트레이입.출고현황!V:X,2,0),"") | I18: =IFERROR(VLOOKUP(H18,케이블트레이입.출고현황!W:Y,2,0),"") | J18: =IFERROR(VLOOKUP(I18,케이블트레이입.출고현황!X:Z,2,0),"") | K18: =IFERROR(VLOOKUP(J18,케이블트레이입.출고현황!Y:AA,2,0),"")
G19: =IFERROR(VLOOKUP(F19,케이블트레이입.출고현황!U:W,2,0),"") | H19: =IFERROR(VLOOKUP(G19,케이블트레이입.출고현황!V:X,2,0),"") | I19: =IFERROR(VLOOKUP(H19,케이블트레이입.출고현황!W:Y,2,0),"") | J19: =IFERROR(VLOOKUP(I19,케이블트레이입.출고현황!X:Z,2,0),"") | K19: =IFERROR(VLOOKUP(J19,케이블트레이입.출고현황!Y:AA,2,0),"")
G20: =IFERROR(VLOOKUP(F20,케이블트레이입.출고현황!U:W,2,0),"") | H20: =IFERROR(VLOOKUP(G20,케이블트레이입.출고현황!V:X,2,0),"") | I20: =IFERROR(VLOOKUP(H20,케이블트레이입.출고현황!W:Y,2,0),"") | J20: =IFERROR(VLOOKUP(I20,케이블트레이입.출고현황!X:Z,2,0),"") | K20: =IFERROR(VLOOKUP(J20,케이블트레이입.출고현황!Y:AA,2,0),"")
G21: =IFERROR(VLOOKUP(F21,케이블트레이입.출고현황!U:W,2,0),"") | H21: =IFERROR(VLOOKUP(G21,케이블트레이입.출고현황!V:X,2,0),"") | I21: =IFERROR(VLOOKUP(H21,케이블트레이입.출고현황!W:Y,2,0),"") | J21: =IFERROR(VLOOKUP(I21,케이블트레이입.출고현황!X:Z,2,0),"") | K21: =IFERROR(VLOOKUP(J21,케이블트레이입.출고현황!Y:AA,2,0),"")
G22: =IFERROR(VLOOKUP(F22,케이블트레이입.출고현황!U:W,2,0),"") | H22: =IFERROR(VLOOKUP(G22,케이블트레이입.출고현황!V:X,2,0),"") | I22: =IFERROR(VLOOKUP(H22,케이블트레이입.출고현황!W:Y,2,0),"") | J22: =IFERROR(VLOOKUP(I22,케이블트레이입.출고현황!X:Z,2,0),"") | K22: =IFERROR(VLOOKUP(J22,케이블트레이입.출고현황!Y:AA,2,0),"")
G23: =IFERROR(VLOOKUP(F23,케이블트레이입.출고현황!U:W,2,0),"") | H23: =IFERROR(VLOOKUP(G23,케이블트레이입.출고현황!V:X,2,0),"") | I23: =IFERROR(VLOOKUP(H23,케이블트레이입.출고현황!W:Y,2,0),"") | J23: =IFERROR(VLOOKUP(I23,케이블트레이입.출고현황!X:Z,2,0),"") | K23: =IFERROR(VLOOKUP(J23,케이블트레이입.출고현황!Y:AA,2,0),"")
G24: =IFERROR(VLOOKUP(F24,케이블트레이입.출고현황!U:W,2,0),"") | H24: =IFERROR(VLOOKUP(G24,케이블트레이입.출고현황!V:X,2,0),"") | I24: =IFERROR(VLOOKUP(H24,케이블트레이입.출고현황!W:Y,2,0),"") | J24: =IFERROR(VLOOKUP(I24,케이블트레이입.출고현황!X:Z,2,0),"") | K24: =IFERROR(VLOOKUP(J24,케이블트레이입.출고현황!Y:AA,2,0),"")
G25: =IFERROR(VLOOKUP(F25,케이블트레이입.출고현황!U:W,2,0),"") | H25: =IFERROR(VLOOKUP(G25,케이블트레이입.출고현황!V:X,2,0),"") | I25: =IFERROR(VLOOKUP(H25,케이블트레이입.출고현황!W:Y,2,0),"") | J25: =IFERROR(VLOOKUP(I25,케이블트레이입.출고현황!X:Z,2,0),"") | K25: =IFERROR(VLOOKUP(J25,케이블트레이입.출고현황!Y:AA,2,0),"")
... G33: =IFERROR(VLOOKUP(F33,케이블트레이입.출고현황!U:W,2,0),"") | H33: =IFERROR(VLOOKUP(G33,케이블트레이입.출고현황!V:X,2,0),"") | I33: =IFERROR(VLOOKUP(H33,케이블트레이입.출고현황!W:Y,2,0),"") | J33: =IFERROR(VLOOKUP(I33,케이블트레이입.출고현황!X:Z,2,0),"") | K33: =IFERROR(VLOOKUP(J33,케이블트레이입.출고현황!Y:AA,2,0),"")
G34: =IFERROR(VLOOKUP(F34,케이블트레이입.출고현황!U:W,2,0),"") | H34: =IFERROR(VLOOKUP(G34,케이블트레이입.출고현황!V:X,2,0),"") | I34: =IFERROR(VLOOKUP(H34,케이블트레이입.출고현황!W:Y,2,0),"") | J34: =IFERROR(VLOOKUP(I34,케이블트레이입.출고현황!X:Z,2,0),"") | K34: =IFERROR(VLOOKUP(J34,케이블트레이입.출고현황!Y:AA,2,0),"") | P34: 12893.6 | Q34: =L34-P34 -> -12893.6
G35: =IFERROR(VLOOKUP(F35,케이블트레이입.출고현황!U:W,2,0),"") | H35: =IFERROR(VLOOKUP(G35,케이블트레이입.출고현황!V:X,2,0),"") | I35: =IFERROR(VLOOKUP(H35,케이블트레이입.출고현황!W:Y,2,0),"") | J35: =IFERROR(VLOOKUP(I35,케이블트레이입.출고현황!X:Z,2,0),"") | K35: =IFERROR(VLOOKUP(J35,케이블트레이입.출고현황!Y:AA,2,0),"")
A36: 1 | B36: 1 | G36: =IFERROR(VLOOKUP(F36,케이블트레이입.출고현황!U:W,2,0),"") | H36: =IFERROR(VLOOKUP(G36,케이블트레이입.출고현황!V:X,2,0),"") | I36: =IFERROR(VLOOKUP(H36,케이블트레이입.출고현황!W:Y,2,0),"") | J36: =IFERROR(VLOOKUP(I36,케이블트레이입.출고현황!X:Z,2,0),"") | K36: =IFERROR(VLOOKUP(J36,케이블트레이입.출고현황!Y:AA,2,0),"")
A37: 2 | B37: 2 | G37: =IFERROR(VLOOKUP(F37,케이블트레이입.출고현황!U:W,2,0),"") | H37: =IFERROR(VLOOKUP(G37,케이블트레이입.출고현황!V:X,2,0),"") | I37: =IFERROR(VLOOKUP(H37,케이블트레이입.출고현황!W:Y,2,0),"") | J37: =IFERROR(VLOOKUP(I37,케이블트레이입.출고현황!X:Z,2,0),"") | K37: =IFERROR(VLOOKUP(J37,케이블트레이입.출고현황!Y:AA,2,0),"")
A38: 3 | B38: 3 | G38: =IFERROR(VLOOKUP(F38,케이블트레이입.출고현황!U:W,2,0),"") | H38: =IFERROR(VLOOKUP(G38,케이블트레이입.출고현황!V:X,2,0),"") | I38: =IFERROR(VLOOKUP(H38,케이블트레이입.출고현황!W:Y,2,0),"") | J38: =IFERROR(VLOOKUP(I38,케이블트레이입.출고현황!X:Z,2,0),"") | K38: =IFERROR(VLOOKUP(J38,케이블트레이입.출고현황!Y:AA,2,0),"")
A39: 4 | B39: 4 | G39: =IFERROR(VLOOKUP(F39,케이블트레이입.출고현황!U:W,2,0),"") | H39: =IFERROR(VLOOKUP(G39,케이블트레이입.출고현황!V:X,2,0),"") | I39: =IFERROR(VLOOKUP(H39,케이블트레이입.출고현황!W:Y,2,0),"") | J39: =IFERROR(VLOOKUP(I39,케이블트레이입.출고현황!X:Z,2,0),"") | K39: =IFERROR(VLOOKUP(J39,케이블트레이입.출고현황!Y:AA,2,0),"")
A40: 5 | B40: 5 | G40: =IFERROR(VLOOKUP(F40,케이블트레이입.출고현황!U:W,2,0),"") | H40: =IFERROR(VLOOKUP(G40,케이블트레이입.출고현황!V:X,2,0),"") | I40: =IFERROR(VLOOKUP(H40,케이블트레이입.출고현황!W:Y,2,0),"") | J40: =IFERROR(VLOOKUP(I40,케이블트레이입.출고현황!X:Z,2,0),"") | K40: =IFERROR(VLOOKUP(J40,케이블트레이입.출고현황!Y:AA,2,0),"")
A41: 6 | B41: 6 | G41: =IFERROR(VLOOKUP(F41,케이블트레이입.출고현황!U:W,2,0),"") | H41: =IFERROR(VLOOKUP(G41,케이블트레이입.출고현황!V:X,2,0),"") | I41: =IFERROR(VLOOKUP(H41,케이블트레이입.출고현황!W:Y,2,0),"") | J41: =IFERROR(VLOOKUP(I41,케이블트레이입.출고현황!X:Z,2,0),"") | K41: =IFERROR(VLOOKUP(J41,케이블트레이입.출고현황!Y:AA,2,0),"")
A42: 7 | B42: 7 | G42: =IFERROR(VLOOKUP(F42,케이블트레이입.출고현황!U:W,2,0),"") | H42: =IFERROR(VLOOKUP(G42,케이블트레이입.출고현황!V:X,2,0),"") | I42: =IFERROR(VLOOKUP(H42,케이블트레이입.출고현황!W:Y,2,0),"") | J42: =IFERROR(VLOOKUP(I42,케이블트레이입.출고현황!X:Z,2,0),"") | K42: =IFERROR(VLOOKUP(J42,케이블트레이입.출고현황!Y:AA,2,0),"")
A43: 8 | B43: 8 | G43: =IFERROR(VLOOKUP(F43,케이블트레이입.출고현황!U:W,2,0),"") | H43: =IFERROR(VLOOKUP(G43,케이블트레이입.출고현황!V:X,2,0),"") | I43: =IFERROR(VLOOKUP(H43,케이블트레이입.출고현황!W:Y,2,0),"") | J43: =IFERROR(VLOOKUP(I43,케이블트레이입.출고현황!X:Z,2,0),"") | K43: =IFERROR(VLOOKUP(J43,케이블트레이입.출고현황!Y:AA,2,0),"")
A44: 9 | B44: 9 | G44: =IFERROR(VLOOKUP(F44,케이블트레이입.출고현황!U:W,2,0),"") | H44: =IFERROR(VLOOKUP(G44,케이블트레이입.출고현황!V:X,2,0),"") | I44: =IFERROR(VLOOKUP(H44,케이블트레이입.출고현황!W:Y,2,0),"") | J44: =IFERROR(VLOOKUP(I44,케이블트레이입.출고현황!X:Z,2,0),"") | K44: =IFERROR(VLOOKUP(J44,케이블트레이입.출고현황!Y:AA,2,0),"")
A45: 10 | B45: 10 | G45: =IFERROR(VLOOKUP(F45,케이블트레이입.출고현황!U:W,2,0),"") | H45: =IFERROR(VLOOKUP(G45,케이블트레이입.출고현황!V:X,2,0),"") | I45: =IFERROR(VLOOKUP(H45,케이블트레이입.출고현황!W:Y,2,0),"") | J45: =IFERROR(VLOOKUP(I45,케이블트레이입.출고현황!X:Z,2,0),"") | K45: =IFERROR(VLOOKUP(J45,케이블트레이입.출고현황!Y:AA,2,0),"")
A46: 11 | B46: 11 | G46: =IFERROR(VLOOKUP(F46,케이블트레이입.출고현황!U:W,2,0),"") | H46: =IFERROR(VLOOKUP(G46,케이블트레이입.출고현황!V:X,2,0),"") | I46: =IFERROR(VLOOKUP(H46,케이블트레이입.출고현황!W:Y,2,0),"") | J46: =IFERROR(VLOOKUP(I46,케이블트레이입.출고현황!X:Z,2,0),"") | K46: =IFERROR(VLOOKUP(J46,케이블트레이입.출고현황!Y:AA,2,0),"")
A47: 12 | B47: 12 | G47: =IFERROR(VLOOKUP(F47,케이블트레이입.출고현황!U:W,2,0),"") | H47: =IFERROR(VLOOKUP(G47,케이블트레이입.출고현황!V:X,2,0),"") | I47: =IFERROR(VLOOKUP(H47,케이블트레이입.출고현황!W:Y,2,0),"") | J47: =IFERROR(VLOOKUP(I47,케이블트레이입.출고현황!X:Z,2,0),"") | K47: =IFERROR(VLOOKUP(J47,케이블트레이입.출고현황!Y:AA,2,0),"")
... A115: 80 | B115: 80 | G115: =IFERROR(VLOOKUP(F115,케이블트레이입.출고현황!U:W,2,0),"") | H115: =IFERROR(VLOOKUP(G115,케이블트레이입.출고현황!V:X,2,0),"") | I115: =IFERROR(VLOOKUP(H115,케이블트레이입.출고현황!W:Y,2,0),"") | J115: =IFERROR(VLOOKUP(I115,케이블트레이입.출고현황!X:Z,2,0),"") | K115: =IFERROR(VLOOKUP(J115,케이블트레이입.출고현황!Y:AA,2,0),"")
A116: 81 | B116: 81 | G116: =IFERROR(VLOOKUP(F116,케이블트레이입.출고현황!U:W,2,0),"") | H116: =IFERROR(VLOOKUP(G116,케이블트레이입.출고현황!V:X,2,0),"") | I116: =IFERROR(VLOOKUP(H116,케이블트레이입.출고현황!W:Y,2,0),"") | J116: =IFERROR(VLOOKUP(I116,케이블트레이입.출고현황!X:Z,2,0),"") | K116: =IFERROR(VLOOKUP(J116,케이블트레이입.출고현황!Y:AA,2,0),"") | O116: 1 pcs
A117: 82 | B117: 82 | G117: =IFERROR(VLOOKUP(F117,케이블트레이입.출고현황!U:W,2,0),"") | H117: =IFERROR(VLOOKUP(G117,케이블트레이입.출고현황!V:X,2,0),"") | I117: =IFERROR(VLOOKUP(H117,케이블트레이입.출고현황!W:Y,2,0),"") | J117: =IFERROR(VLOOKUP(I117,케이블트레이입.출고현황!X:Z,2,0),"") | K117: =IFERROR(VLOOKUP(J117,케이블트레이입.출고현황!Y:AA,2,0),"") | O117: 1 roll
A118: 83 | B118: 83 | G118: =IFERROR(VLOOKUP(F118,케이블트레이입.출고현황!U:W,2,0),"") | H118: =IFERROR(VLOOKUP(G118,케이블트레이입.출고현황!V:X,2,0),"") | I118: =IFERROR(VLOOKUP(H118,케이블트레이입.출고현황!W:Y,2,0),"") | J118: =IFERROR(VLOOKUP(I118,케이블트레이입.출고현황!X:Z,2,0),"") | K118: =IFERROR(VLOOKUP(J118,케이블트레이입.출고현황!Y:AA,2,0),"") | O118: 30 pcs
A119: 84 | B119: 84 | G119: =IFERROR(VLOOKUP(F119,케이블트레이입.출고현황!U:W,2,0),"") | H119: =IFERROR(VLOOKUP(G119,케이블트레이입.출고현황!V:X,2,0),"") | I119: =IFERROR(VLOOKUP(H119,케이블트레이입.출고현황!W:Y,2,0),"") | J119: =IFERROR(VLOOKUP(I119,케이블트레이입.출고현황!X:Z,2,0),"") | K119: =IFERROR(VLOOKUP(J119,케이블트레이입.출고현황!Y:AA,2,0),"") | O119: 1 roll
A120: 85 | B120: 85 | G120: =IFERROR(VLOOKUP(F120,케이블트레이입.출고현황!U:W,2,0),"") | H120: =IFERROR(VLOOKUP(G120,케이블트레이입.출고현황!V:X,2,0),"") | I120: =IFERROR(VLOOKUP(H120,케이블트레이입.출고현황!W:Y,2,0),"") | J120: =IFERROR(VLOOKUP(I120,케이블트레이입.출고현황!X:Z,2,0),"") | K120: =IFERROR(VLOOKUP(J120,케이블트레이입.출고현황!Y:AA,2,0),"") | O120: 2 roll
A121: 86 | B121: 86 | G121: =IFERROR(VLOOKUP(F121,케이블트레이입.출고현황!U:W,2,0),"") | H121: =IFERROR(VLOOKUP(G121,케이블트레이입.출고현황!V:X,2,0),"") | I121: =IFERROR(VLOOKUP(H121,케이블트레이입.출고현황!W:Y,2,0),"") | J121: =IFERROR(VLOOKUP(I121,케이블트레이입.출고현황!X:Z,2,0),"") | K121: =IFERROR(VLOOKUP(J121,케이블트레이입.출고현황!Y:AA,2,0),"") | O121: 28 pcs
A122: 87 | B122: 87 | G122: =IFERROR(VLOOKUP(F122,케이블트레이입.출고현황!U:W,2,0),"") | H122: =IFERROR(VLOOKUP(G122,케이블트레이입.출고현황!V:X,2,0),"") | I122: =IFERROR(VLOOKUP(H122,케이블트레이입.출고현황!W:Y,2,0),"") | J122: =IFERROR(VLOOKUP(I122,케이블트레이입.출고현황!X:Z,2,0),"") | K122: =IFERROR(VLOOKUP(J122,케이블트레이입.출고현황!Y:AA,2,0),"")
A123: 88 | B123: 88 | G123: =IFERROR(VLOOKUP(F123,케이블트레이입.출고현황!U:W,2,0),"") | H123: =IFERROR(VLOOKUP(G123,케이블트레이입.출고현황!V:X,2,0),"") | I123: =IFERROR(VLOOKUP(H123,케이블트레이입.출고현황!W:Y,2,0),"") | J123: =IFERROR(VLOOKUP(I123,케이블트레이입.출고현황!X:Z,2,0),"") | K123: =IFERROR(VLOOKUP(J123,케이블트레이입.출고현황!Y:AA,2,0),"")
A124: 89 | B124: 89 | G124: =IFERROR(VLOOKUP(F124,케이블트레이입.출고현황!U:W,2,0),"") | H124: =IFERROR(VLOOKUP(G124,케이블트레이입.출고현황!V:X,2,0),"") | I124: =IFERROR(VLOOKUP(H124,케이블트레이입.출고현황!W:Y,2,0),"") | J124: =IFERROR(VLOOKUP(I124,케이블트레이입.출고현황!X:Z,2,0),"") | K124: =IFERROR(VLOOKUP(J124,케이블트레이입.출고현황!Y:AA,2,0),"") | O124: 1 roll
A125: 90 | B125: 90 | G125: =IFERROR(VLOOKUP(F125,케이블트레이입.출고현황!U:W,2,0),"") | H125: =IFERROR(VLOOKUP(G125,케이블트레이입.출고현황!V:X,2,0),"") | I125: =IFERROR(VLOOKUP(H125,케이블트레이입.출고현황!W:Y,2,0),"") | J125: =IFERROR(VLOOKUP(I125,케이블트레이입.출고현황!X:Z,2,0),"") | K125: =IFERROR(VLOOKUP(J125,케이블트레이입.출고현황!Y:AA,2,0),"")
A126: 91 | B126: 91 | G126: =IFERROR(VLOOKUP(F126,케이블트레이입.출고현황!U:W,2,0),"") | H126: =IFERROR(VLOOKUP(G126,케이블트레이입.출고현황!V:X,2,0),"") | I126: =IFERROR(VLOOKUP(H126,케이블트레이입.출고현황!W:Y,2,0),"") | J126: =IFERROR(VLOOKUP(I126,케이블트레이입.출고현황!X:Z,2,0),"") | K126: =IFERROR(VLOOKUP(J126,케이블트레이입.출고현황!Y:AA,2,0),"")
A127: 92 | B127: 92 | G127: =IFERROR(VLOOKUP(F127,케이블트레이입.출고현황!U:W,2,0),"") | H127: =IFERROR(VLOOKUP(G127,케이블트레이입.출고현황!V:X,2,0),"") | I127: =IFERROR(VLOOKUP(H127,케이블트레이입.출고현황!W:Y,2,0),"") | J127: =IFERROR(VLOOKUP(I127,케이블트레이입.출고현황!X:Z,2,0),"") | K127: =IFERROR(VLOOKUP(J127,케이블트레이입.출고현황!Y:AA,2,0),"")
A128: 93 | B128: 93 | G128: =IFERROR(VLOOKUP(F128,케이블트레이입.출고현황!U:W,2,0),"") | H128: =IFERROR(VLOOKUP(G128,케이블트레이입.출고현황!V:X,2,0),"") | I128: =IFERROR(VLOOKUP(H128,케이블트레이입.출고현황!W:Y,2,0),"") | J128: =IFERROR(VLOOKUP(I128,케이블트레이입.출고현황!X:Z,2,0),"") | K128: =IFERROR(VLOOKUP(J128,케이블트레이입.출고현황!Y:AA,2,0),"")
A129: 94 | B129: 94 | G129: =IFERROR(VLOOKUP(F129,케이블트레이입.출고현황!U:W,2,0),"") | H129: =IFERROR(VLOOKUP(G129,케이블트레이입.출고현황!V:X,2,0),"") | I129: =IFERROR(VLOOKUP(H129,케이블트레이입.출고현황!W:Y,2,0),"") | J129: =IFERROR(VLOOKUP(I129,케이블트레이입.출고현황!X:Z,2,0),"") | K129: =IFERROR(VLOOKUP(J129,케이블트레이입.출고현황!Y:AA,2,0),"") | O129: 2 roll
A130: 95 | B130: 95 | G130: =IFERROR(VLOOKUP(F130,케이블트레이입.출고현황!U:W,2,0),"") | H130: =IFERROR(VLOOKUP(G130,케이블트레이입.출고현황!V:X,2,0),"") | I130: =IFERROR(VLOOKUP(H130,케이블트레이입.출고현황!W:Y,2,0),"") | J130: =IFERROR(VLOOKUP(I130,케이블트레이입.출고현황!X:Z,2,0),"") | K130: =IFERROR(VLOOKUP(J130,케이블트레이입.출고현황!Y:AA,2,0),"")
A131: 96 | B131: 96 | G131: =IFERROR(VLOOKUP(F131,케이블트레이입.출고현황!U:W,2,0),"") | H131: =IFERROR(VLOOKUP(G131,케이블트레이입.출고현황!V:X,2,0),"") | I131: =IFERROR(VLOOKUP(H131,케이블트레이입.출고현황!W:Y,2,0),"") | J131: =IFERROR(VLOOKUP(I131,케이블트레이입.출고현황!X:Z,2,0),"") | K131: =IFERROR(VLOOKUP(J131,케이블트레이입.출고현황!Y:AA,2,0),"")
A132: 97 | B132: 97 | G132: =IFERROR(VLOOKUP(F132,케이블트레이입.출고현황!U:W,2,0),"") | H132: =IFERROR(VLOOKUP(G132,케이블트레이입.출고현황!V:X,2,0),"") | I132: =IFERROR(VLOOKUP(H132,케이블트레이입.출고현황!W:Y,2,0),"") | J132: =IFERROR(VLOOKUP(I132,케이블트레이입.출고현황!X:Z,2,0),"") | K132: =IFERROR(VLOOKUP(J132,케이블트레이입.출고현황!Y:AA,2,0),"")
A133: 98 | B133: 98 | G133: =IFERROR(VLOOKUP(F133,케이블트레이입.출고현황!U:W,2,0),"") | H133: =IFERROR(VLOOKUP(G133,케이블트레이입.출고현황!V:X,2,0),"") | I133: =IFERROR(VLOOKUP(H133,케이블트레이입.출고현황!W:Y,2,0),"") | J133: =IFERROR(VLOOKUP(I133,케이블트레이입.출고현황!X:Z,2,0),"") | K133: =IFERROR(VLOOKUP(J133,케이블트레이입.출고현황!Y:AA,2,0),"") | O133: =L133/4 -> 0
A134: 99 | B134: 99 | G134: =IFERROR(VLOOKUP(F134,케이블트레이입.출고현황!U:W,2,0),"") | H134: =IFERROR(VLOOKUP(G134,케이블트레이입.출고현황!V:X,2,0),"") | I134: =IFERROR(VLOOKUP(H134,케이블트레이입.출고현황!W:Y,2,0),"") | J134: =IFERROR(VLOOKUP(I134,케이블트레이입.출고현황!X:Z,2,0),"") | K134: =IFERROR(VLOOKUP(J134,케이블트레이입.출고현황!Y:AA,2,0),"") | P134: =40690 -> 40690
A135: 100 | B135: 100 | G135: =IFERROR(VLOOKUP(F135,케이블트레이입.출고현황!U:W,2,0),"") | H135: =IFERROR(VLOOKUP(G135,케이블트레이입.출고현황!V:X,2,0),"") | I135: =IFERROR(VLOOKUP(H135,케이블트레이입.출고현황!W:Y,2,0),"") | J135: =IFERROR(VLOOKUP(I135,케이블트레이입.출고현황!X:Z,2,0),"") | K135: =IFERROR(VLOOKUP(J135,케이블트레이입.출고현황!Y:AA,2,0),"") | P135: =SUM(L133,L141,L146,L147) -> 0
A136: 101 | B136: 101 | G136: =IFERROR(VLOOKUP(F136,케이블트레이입.출고현황!U:W,2,0),"") | H136: =IFERROR(VLOOKUP(G136,케이블트레이입.출고현황!V:X,2,0),"") | I136: =IFERROR(VLOOKUP(H136,케이블트레이입.출고현황!W:Y,2,0),"") | J136: =IFERROR(VLOOKUP(I136,케이블트레이입.출고현황!X:Z,2,0),"") | K136: =IFERROR(VLOOKUP(J136,케이블트레이입.출고현황!Y:AA,2,0),"") | P136: =P134-P135 -> 40690
A137: 102 | B137: 102 | G137: =IFERROR(VLOOKUP(F137,케이블트레이입.출고현황!U:W,2,0),"") | H137: =IFERROR(VLOOKUP(G137,케이블트레이입.출고현황!V:X,2,0),"") | I137: =IFERROR(VLOOKUP(H137,케이블트레이입.출고현황!W:Y,2,0),"") | J137: =IFERROR(VLOOKUP(I137,케이블트레이입.출고현황!X:Z,2,0),"") | K137: =IFERROR(VLOOKUP(J137,케이블트레이입.출고현황!Y:AA,2,0),"")
A138: 103 | B138: 103 | G138: =IFERROR(VLOOKUP(F138,케이블트레이입.출고현황!U:W,2,0),"") | H138: =IFERROR(VLOOKUP(G138,케이블트레이입.출고현황!V:X,2,0),"") | I138: =IFERROR(VLOOKUP(H138,케이블트레이입.출고현황!W:Y,2,0),"") | J138: =IFERROR(VLOOKUP(I138,케이블트레이입.출고현황!X:Z,2,0),"") | K138: =IFERROR(VLOOKUP(J138,케이블트레이입.출고현황!Y:AA,2,0),"")
A139: 104 | B139: 104 | G139: =IFERROR(VLOOKUP(F139,케이블트레이입.출고현황!U:W,2,0),"") | H139: =IFERROR(VLOOKUP(G139,케이블트레이입.출고현황!V:X,2,0),"") | I139: =IFERROR(VLOOKUP(H139,케이블트레이입.출고현황!W:Y,2,0),"") | J139: =IFERROR(VLOOKUP(I139,케이블트레이입.출고현황!X:Z,2,0),"") | K139: =IFERROR(VLOOKUP(J139,케이블트레이입.출고현황!Y:AA,2,0),"")
A140: 105 | B140: 105 | G140: =IFERROR(VLOOKUP(F140,케이블트레이입.출고현황!U:W,2,0),"") | H140: =IFERROR(VLOOKUP(G140,케이블트레이입.출고현황!V:X,2,0),"") | I140: =IFERROR(VLOOKUP(H140,케이블트레이입.출고현황!W:Y,2,0),"") | J140: =IFERROR(VLOOKUP(I140,케이블트레이입.출고현황!X:Z,2,0),"") | K140: =IFERROR(VLOOKUP(J140,케이블트레이입.출고현황!Y:AA,2,0),"")
A141: 106 | B141: 106 | G141: =IFERROR(VLOOKUP(F141,케이블트레이입.출고현황!U:W,2,0),"") | H141: =IFERROR(VLOOKUP(G141,케이블트레이입.출고현황!V:X,2,0),"") | I141: =IFERROR(VLOOKUP(H141,케이블트레이입.출고현황!W:Y,2,0),"") | J141: =IFERROR(VLOOKUP(I141,케이블트레이입.출고현황!X:Z,2,0),"") | K141: =IFERROR(VLOOKUP(J141,케이블트레이입.출고현황!Y:AA,2,0),"")
A142: 107 | B142: 107 | G142: =IFERROR(VLOOKUP(F142,케이블트레이입.출고현황!U:W,2,0),"") | H142: =IFERROR(VLOOKUP(G142,케이블트레이입.출고현황!V:X,2,0),"") | I142: =IFERROR(VLOOKUP(H142,케이블트레이입.출고현황!W:Y,2,0),"") | J142: =IFERROR(VLOOKUP(I142,케이블트레이입.출고현황!X:Z,2,0),"") | K142: =IFERROR(VLOOKUP(J142,케이블트레이입.출고현황!Y:AA,2,0),"")
A143: 108 | B143: 108 | G143: =IFERROR(VLOOKUP(F143,케이블트레이입.출고현황!U:W,2,0),"") | H143: =IFERROR(VLOOKUP(G143,케이블트레이입.출고현황!V:X,2,0),"") | I143: =IFERROR(VLOOKUP(H143,케이블트레이입.출고현황!W:Y,2,0),"") | J143: =IFERROR(VLOOKUP(I143,케이블트레이입.출고현황!X:Z,2,0),"") | K143: =IFERROR(VLOOKUP(J143,케이블트레이입.출고현황!Y:AA,2,0),"")
A144: 109 | B144: 109 | G144: =IFERROR(VLOOKUP(F144,케이블트레이입.출고현황!U:W,2,0),"") | H144: =IFERROR(VLOOKUP(G144,케이블트레이입.출고현황!V:X,2,0),"") | I144: =IFERROR(VLOOKUP(H144,케이블트레이입.출고현황!W:Y,2,0),"") | J144: =IFERROR(VLOOKUP(I144,케이블트레이입.출고현황!X:Z,2,0),"") | K144: =IFERROR(VLOOKUP(J144,케이블트레이입.출고현황!Y:AA,2,0),"")
A145: 110 | B145: 110 | G145: =IFERROR(VLOOKUP(F145,케이블트레이입.출고현황!U:W,2,0),"") | H145: =IFERROR(VLOOKUP(G145,케이블트레이입.출고현황!V:X,2,0),"") | I145: =IFERROR(VLOOKUP(H145,케이블트레이입.출고현황!W:Y,2,0),"") | J145: =IFERROR(VLOOKUP(I145,케이블트레이입.출고현황!X:Z,2,0),"") | K145: =IFERROR(VLOOKUP(J145,케이블트레이입.출고현황!Y:AA,2,0),"")
A146: 111 | B146: 111 | G146: =IFERROR(VLOOKUP(F146,케이블트레이입.출고현황!U:W,2,0),"") | H146: =IFERROR(VLOOKUP(G146,케이블트레이입.출고현황!V:X,2,0),"") | I146: =IFERROR(VLOOKUP(H146,케이블트레이입.출고현황!W:Y,2,0),"") | J146: =IFERROR(VLOOKUP(I146,케이블트레이입.출고현황!X:Z,2,0),"") | K146: =IFERROR(VLOOKUP(J146,케이블트레이입.출고현황!Y:AA,2,0),"")
A147: 112 | B147: 112 | G147: =IFERROR(VLOOKUP(F147,케이블트레이입.출고현황!U:W,2,0),"") | H147: =IFERROR(VLOOKUP(G147,케이블트레이입.출고현황!V:X,2,0),"") | I147: =IFERROR(VLOOKUP(H147,케이블트레이입.출고현황!W:Y,2,0),"") | J147: =IFERROR(VLOOKUP(I147,케이블트레이입.출고현황!X:Z,2,0),"") | K147: =IFERROR(VLOOKUP(J147,케이블트레이입.출고현황!Y:AA,2,0),"")
A148: 113 | B148: 113 | G148: =IFERROR(VLOOKUP(F148,케이블트레이입.출고현황!U:W,2,0),"") | H148: =IFERROR(VLOOKUP(G148,케이블트레이입.출고현황!V:X,2,0),"") | I148: =IFERROR(VLOOKUP(H148,케이블트레이입.출고현황!W:Y,2,0),"") | J148: =IFERROR(VLOOKUP(I148,케이블트레이입.출고현황!X:Z,2,0),"") | K148: =IFERROR(VLOOKUP(J148,케이블트레이입.출고현황!Y:AA,2,0),"")
... A176: 141 | B176: 141 | G176: =IFERROR(VLOOKUP(F176,케이블트레이입.출고현황!U:W,2,0),"") | H176: =IFERROR(VLOOKUP(G176,케이블트레이입.출고현황!V:X,2,0),"") | I176: =IFERROR(VLOOKUP(H176,케이블트레이입.출고현황!W:Y,2,0),"") | J176: =IFERROR(VLOOKUP(I176,케이블트레이입.출고현황!X:Z,2,0),"") | K176: =IFERROR(VLOOKUP(J176,케이블트레이입.출고현황!Y:AA,2,0),"")
G179: 3 | H179: 4 | I179: 5 | J179: 6 | K179: 7

Sheet Cable Tray-Log-out
B1: POR CONTROL LOG - Issue
B2: 【Project : El-Dabaa Nuclear Power Plant (ENPP) #1 to 4】 | H2: from Warehouse & Workshop to Site
B3: No | C3: Date | D3: Material No. | E3: Sortation | F3: Items / Services | G3: Applicable Code & Standards | H3: Size | I3: Unit | J3: Unit # | K3: BLDG | L3: Q'TY | M3: User | N3: Remarks
B5: 1 | C5: 46111 | D5: TRY053 | E5: =IFERROR(VLOOKUP(D5,케이블트레이입.출고현황!U5:Z80,2,0),"") -> Transition clamp | F5: =IFERROR(VLOOKUP(E5,케이블트레이입.출고현황!V5:AA80,2,0),"") -> Transition clamp SP 150 for gussets | G5: =IFERROR(VLOOKUP(F5,케이블트레이입.출고현황!W5:AB80,2,0),"") -> 3-SP-150-M-TA4 | H5: =IFERROR(VLOOKUP(G5,케이블트레이입.출고현황!X5:AC80,2,0),"") -> 150x142x59; T=4.0 | I5: =IFERROR(VLOOKUP(H5,케이블트레이입.출고현황!Y5:AD80,2,0),"") -> pcs | J5: 1 | K5: 10USG | L5: 30 | M5: Hussen
B6: 2 | C6: 46116 | D6: TRY053 | E6: =IFERROR(VLOOKUP(D6,케이블트레이입.출고현황!U6:Z81,2,0),"") -> Transition clamp | F6: =IFERROR(VLOOKUP(E6,케이블트레이입.출고현황!V6:AA81,2,0),"") -> Transition clamp SP 150 for gussets | G6: =IFERROR(VLOOKUP(F6,케이블트레이입.출고현황!W6:AB81,2,0),"") -> 3-SP-150-M-TA4 | H6: =IFERROR(VLOOKUP(G6,케이블트레이입.출고현황!X6:AC81,2,0),"") -> 150x142x59; T=4.0 | I6: =IFERROR(VLOOKUP(H6,케이블트레이입.출고현황!Y6:AD81,2,0),"") -> pcs | J6: 1 | K6: 10USG | L6: 10 | M6: Hussen
B7: 3 | C7: 46120 | D7: TRY053 | E7: =IFERROR(VLOOKUP(D7,케이블트레이입.출고현황!U7:Z82,2,0),"") -> Transition clamp | F7: =IFERROR(VLOOKUP(E7,케이블트레이입.출고현황!V7:AA82,2,0),"") -> Transition clamp SP 150 for gussets | G7: =IFERROR(VLOOKUP(F7,케이블트레이입.출고현황!W7:AB82,2,0),"") -> 3-SP-150-M-TA4 | H7: =IFERROR(VLOOKUP(G7,케이블트레이입.출고현황!X7:AC82,2,0),"") -> 150x142x59; T=4.0 | I7: =IFERROR(VLOOKUP(H7,케이블트레이입.출고현황!Y7:AD82,2,0),"") -> pcs | J7: 1 | K7: 10USG | L7: 15 | M7: Saad
B8: 4 | C8: 46121 | D8: TRY053 | E8: =IFERROR(VLOOKUP(D8,케이블트레이입.출고현황!U8:Z83,2,0),"") -> Transition clamp | F8: =IFERROR(VLOOKUP(E8,케이블트레이입.출고현황!V8:AA83,2,0),"") -> Transition clamp SP 150 for gussets | G8: =IFERROR(VLOOKUP(F8,케이블트레이입.출고현황!W8:AB83,2,0),"") -> 3-SP-150-M-TA4 | H8: =IFERROR(VLOOKUP(G8,케이블트레이입.출고현황!X8:AC83,2,0),"") -> 150x142x59; T=4.0 | I8: =IFERROR(VLOOKUP(H8,케이블트레이입.출고현황!Y8:AD83,2,0),"") -> pcs | J8: 1 | K8: 10USG | L8: 15 | M8: ABDELSAMI
B9: 5 | C9: 46123 | D9: TRY053 | E9: =IFERROR(VLOOKUP(D9,케이블트레이입.출고현황!U9:Z84,2,0),"") -> Transition clamp | F9: =IFERROR(VLOOKUP(E9,케이블트레이입.출고현황!V9:AA84,2,0),"") -> Transition clamp SP 150 for gussets | G9: =IFERROR(VLOOKUP(F9,케이블트레이입.출고현황!W9:AB84,2,0),"") -> 3-SP-150-M-TA4 | H9: =IFERROR(VLOOKUP(G9,케이블트레이입.출고현황!X9:AC84,2,0),"") -> 150x142x59; T=4.0 | I9: =IFERROR(VLOOKUP(H9,케이블트레이입.출고현황!Y9:AD84,2,0),"") -> pcs | J9: 1 | K9: 10USG | L9: 6 | M9: ABDELSAMI
B10: 6 | C10: 46124 | D10: TRY053 | E10: =IFERROR(VLOOKUP(D10,케이블트레이입.출고현황!U10:Z85,2,0),"") -> Transition clamp | F10: =IFERROR(VLOOKUP(E10,케이블트레이입.출고현황!V10:AA85,2,0),"") -> Transition clamp SP 150 for gussets | G10: =IFERROR(VLOOKUP(F10,케이블트레이입.출고현황!W10:AB85,2,0),"") -> 3-SP-150-M-TA4 | H10: =IFERROR(VLOOKUP(G10,케이블트레이입.출고현황!X10:AC85,2,0),"") -> 150x142x59; T=4.0 | I10: =IFERROR(VLOOKUP(H10,케이블트레이입.출고현황!Y10:AD85,2,0),"") -> pcs | J10: 1 | K10: 10USG | L10: 9 | M10: ABDELSAMI
B11: 7 | C11: 46141 | D11: TRY053 | E11: =IFERROR(VLOOKUP(D11,케이블트레이입.출고현황!U11:Z86,2,0),"") -> Transition clamp | F11: =IFERROR(VLOOKUP(E11,케이블트레이입.출고현황!V11:AA86,2,0),"") -> Transition clamp SP 150 for gussets | G11: =IFERROR(VLOOKUP(F11,케이블트레이입.출고현황!W11:AB86,2,0),"") -> 3-SP-150-M-TA4 | H11: =IFERROR(VLOOKUP(G11,케이블트레이입.출고현황!X11:AC86,2,0),"") -> 150x142x59; T=4.0 | I11: =IFERROR(VLOOKUP(H11,케이블트레이입.출고현황!Y11:AD86,2,0),"") -> pcs | J11: 1 | K11: 10USG | L11: 5 | M11: ABDELSAMI
B12: 8 | C12: 46143 | D12: TRY035 | E12: =IFERROR(VLOOKUP(D12,케이블트레이입.출고현황!U12:Z87,2,0),"") -> Rack | F12: =IFERROR(VLOOKUP(E12,케이블트레이입.출고현황!V12:AA87,2,0),"") -> Rack ST | G12: =IFERROR(VLOOKUP(F12,케이블트레이입.출고현황!W12:AB87,2,0),"") -> 3-ST-60-4-M-TA4 | H12: =IFERROR(VLOOKUP(G12,케이블트레이입.출고현황!X12:AC87,2,0),"") -> 600x63x37; T=4.0 | I12: =IFERROR(VLOOKUP(H12,케이블트레이입.출고현황!Y12:AD87,2,0),"") -> pcs | J12: 1 | K12: 10USG | L12: 18 | M12: Hussen
B13: 9 | C13: 46143 | D13: TRY049 | E13: =IFERROR(VLOOKUP(D13,케이블트레이입.출고현황!U13:Z88,2,0),"") -> Side gusset | F13: =IFERROR(VLOOKUP(E13,케이블트레이입.출고현황!V13:AA88,2,0),"") -> Side gusset KB for racks ST | G13: =IFERROR(VLOOKUP(F13,케이블트레이입.출고현황!W13:AB88,2,0),"") -> 3-KB-4-M-TA4 | H13: =IFERROR(VLOOKUP(G13,케이블트레이입.출고현황!X13:AC88,2,0),"") -> 150x72x70; T=4.0 | I13: =IFERROR(VLOOKUP(H13,케이블트레이입.출고현황!Y13:AD88,2,0),"") -> pcs | J13: 1 | K13: 10USG | L13: 90 | M13: Hussen
B14: 10 | C14: 46146 | D14: TRY027 | E14: =IFERROR(VLOOKUP(D14,케이블트레이입.출고현황!U14:Z89,2,0),"") -> Console | F14: =IFERROR(VLOOKUP(E14,케이블트레이입.출고현황!V14:AA89,2,0),"") -> Console KS3-340 | G14: =IFERROR(VLOOKUP(F14,케이블트레이입.출고현황!W14:AB89,2,0),"") -> 3-KS3-340-M-TA4 | H14: =IFERROR(VLOOKUP(G14,케이블트레이입.출고현황!X14:AC89,2,0),"") -> 344x45x146; T=2.0 | I14: =IFERROR(VLOOKUP(H14,케이블트레이입.출고현황!Y14:AD89,2,0),"") -> pcs | J14: 1 | K14: 10USG | L14: 56 | M14: Hussen
B15: 11 | C15: 46147 | D15: TRY027 | E15: =IFERROR(VLOOKUP(D15,케이블트레이입.출고현황!U15:Z90,2,0),"") -> Console | F15: =IFERROR(VLOOKUP(E15,케이블트레이입.출고현황!V15:AA90,2,0),"") -> Console KS3-340 | G15: =IFERROR(VLOOKUP(F15,케이블트레이입.출고현황!W15:AB90,2,0),"") -> 3-KS3-340-M-TA4 | H15: =IFERROR(VLOOKUP(G15,케이블트레이입.출고현황!X15:AC90,2,0),"") -> 344x45x146; T=2.0 | I15: =IFERROR(VLOOKUP(H15,케이블트레이입.출고현황!Y15:AD90,2,0),"") -> pcs | J15: 1 | K15: 10USG | L15: 88 | M15: Hussen
B16: 16 | E16: =IFERROR(VLOOKUP(D16,케이블트레이입.출고현황!U19:Z94,2,0),"") | F16: =IFERROR(VLOOKUP(E16,케이블트레이입.출고현황!V19:AA94,2,0),"") | G16: =IFERROR(VLOOKUP(F16,케이블트레이입.출고현황!W19:AB94,2,0),"") | H16: =IFERROR(VLOOKUP(G16,케이블트레이입.출고현황!X19:AC94,2,0),"") | I16: =IFERROR(VLOOKUP(H16,케이블트레이입.출고현황!Y19:AD94,2,0),"")
B17: 17 | E17: =IFERROR(VLOOKUP(D17,케이블트레이입.출고현황!U20:Z95,2,0),"") | F17: =IFERROR(VLOOKUP(E17,케이블트레이입.출고현황!V20:AA95,2,0),"") | G17: =IFERROR(VLOOKUP(F17,케이블트레이입.출고현황!W20:AB95,2,0),"") | H17: =IFERROR(VLOOKUP(G17,케이블트레이입.출고현황!X20:AC95,2,0),"") | I17: =IFERROR(VLOOKUP(H17,케이블트레이입.출고현황!Y20:AD95,2,0),"")
B18: 18 | E18: =IFERROR(VLOOKUP(D18,케이블트레이입.출고현황!U21:Z96,2,0),"") | F18: =IFERROR(VLOOKUP(E18,케이블트레이입.출고현황!V21:AA96,2,0),"") | G18: =IFERROR(VLOOKUP(F18,케이블트레이입.출고현황!W21:AB96,2,0),"") | H18: =IFERROR(VLOOKUP(G18,케이블트레이입.출고현황!X21:AC96,2,0),"") | I18: =IFERROR(VLOOKUP(H18,케이블트레이입.출고현황!Y21:AD96,2,0),"")
B19: 19 | E19: =IFERROR(VLOOKUP(D19,케이블트레이입.출고현황!U22:Z97,2,0),"") | F19: =IFERROR(VLOOKUP(E19,케이블트레이입.출고현황!V22:AA97,2,0),"") | G19: =IFERROR(VLOOKUP(F19,케이블트레이입.출고현황!W22:AB97,2,0),"") | H19: =IFERROR(VLOOKUP(G19,케이블트레이입.출고현황!X22:AC97,2,0),"") | I19: =IFERROR(VLOOKUP(H19,케이블트레이입.출고현황!Y22:AD97,2,0),"")
B20: 20 | E20: =IFERROR(VLOOKUP(D20,케이블트레이입.출고현황!U23:Z98,2,0),"") | F20: =IFERROR(VLOOKUP(E20,케이블트레이입.출고현황!V23:AA98,2,0),"") | G20: =IFERROR(VLOOKUP(F20,케이블트레이입.출고현황!W23:AB98,2,0),"") | H20: =IFERROR(VLOOKUP(G20,케이블트레이입.출고현황!X23:AC98,2,0),"") | I20: =IFERROR(VLOOKUP(H20,케이블트레이입.출고현황!Y23:AD98,2,0),"")
B21: 21 | E21: =IFERROR(VLOOKUP(D21,케이블트레이입.출고현황!U24:Z99,2,0),"") | F21: =IFERROR(VLOOKUP(E21,케이블트레이입.출고현황!V24:AA99,2,0),"") | G21: =IFERROR(VLOOKUP(F21,케이블트레이입.출고현황!W24:AB99,2,0),"") | H21: =IFERROR(VLOOKUP(G21,케이블트레이입.출고현황!X24:AC99,2,0),"") | I21: =IFERROR(VLOOKUP(H21,케이블트레이입.출고현황!Y24:AD99,2,0),"")
B22: 22 | E22: =IFERROR(VLOOKUP(D22,케이블트레이입.출고현황!U25:Z100,2,0),"") | F22: =IFERROR(VLOOKUP(E22,케이블트레이입.출고현황!V25:AA100,2,0),"") | G22: =IFERROR(VLOOKUP(F22,케이블트레이입.출고현황!W25:AB100,2,0),"") | H22: =IFERROR(VLOOKUP(G22,케이블트레이입.출고현황!X25:AC100,2,0),"") | I22: =IFERROR(VLOOKUP(H22,케이블트레이입.출고현황!Y25:AD100,2,0),"")
B23: 23 | E23: =IFERROR(VLOOKUP(D23,케이블트레이입.출고현황!U26:Z101,2,0),"") | F23: =IFERROR(VLOOKUP(E23,케이블트레이입.출고현황!V26:AA101,2,0),"") | G23: =IFERROR(VLOOKUP(F23,케이블트레이입.출고현황!W26:AB101,2,0),"") | H23: =IFERROR(VLOOKUP(G23,케이블트레이입.출고현황!X26:AC101,2,0),"") | I23: =IFERROR(VLOOKUP(H23,케이블트레이입.출고현황!Y26:AD101,2,0),"")
B24: 24 | E24: =IFERROR(VLOOKUP(D24,케이블트레이입.출고현황!U27:Z102,2,0),"") | F24: =IFERROR(VLOOKUP(E24,케이블트레이입.출고현황!V27:AA102,2,0),"") | G24: =IFERROR(VLOOKUP(F24,케이블트레이입.출고현황!W27:AB102,2,0),"") | H24: =IFERROR(VLOOKUP(G24,케이블트레이입.출고현황!X27:AC102,2,0),"") | I24: =IFERROR(VLOOKUP(H24,케이블트레이입.출고현황!Y27:AD102,2,0),"")
